,LGA,Tier 0,Tier 1,Tier 2,Tier 3,Tier 4,Tier 5
0,Aba North,0%,0%,0%,67%,33%,0%
1,Aba South,0%,8%,0%,33%,58%,0%
2,Abaji,9%,42%,6%,42%,0%,0%
3,Abak,0%,44%,11%,44%,0%,0%
4,Abakaliki,0%,0%,0%,8%,92%,0%
5,Abeokuta North,92%,0%,8%,0%,0%,0%
6,Abeokuta South,67%,33%,0%,0%,0%,0%
7,Abi,27%,64%,0%,0%,9%,0%
8,Aboh Mbaise,20%,70%,0%,10%,0%,0%
9,Abua-Odual,58%,42%,0%,0%,0%,0%
10,Abuja Municipal Area Council,4%,4%,4%,29%,58%,0%
11,Adavi,0%,11%,0%,67%,22%,0%
12,Ado,0%,18%,36%,0%,45%,0%
13,Ado Ekiti,58%,42%,0%,0%,0%,0%
14,Ado-Odo/Ota,67%,25%,0%,8%,0%,0%
15,Afijio,0%,100%,0%,0%,0%,0%
16,Afikpo,0%,0%,36%,9%,55%,0%
17,Agaie,0%,55%,18%,27%,0%,0%
18,Agatu,73%,0%,0%,9%,18%,0%
19,Agege,3%,34%,3%,44%,16%,0%
20,Aguata,0%,0%,0%,8%,92%,0%
21,Ahiazu Mbaise,0%,33%,0%,44%,22%,0%
22,Ahoada East,58%,33%,0%,8%,0%,0%
23,Ahoada West,21%,29%,0%,50%,0%,0%
24,Aiyedaade,0%,0%,50%,50%,0%,0%
25,Aiyedire,0%,25%,50%,25%,0%,0%
26,Ajaokuta,0%,0%,0%,38%,62%,0%
27,Ajeromi-Ifelodun,0%,34%,12%,50%,3%,0%
28,Ajingi,0%,57%,29%,0%,14%,0%
29,Akamkpa,100%,0%,0%,0%,0%,0%
30,Akinyele,0%,82%,0%,18%,0%,0%
31,Akko,9%,45%,0%,9%,36%,0%
32,Akoko North-East,25%,58%,8%,8%,0%,0%
33,Akoko North-West,0%,36%,64%,0%,0%,0%
34,Akoko South-East,0%,100%,0%,0%,0%,0%
35,Akoko South-West,0%,91%,9%,0%,0%,0%
36,Akoko-Edo,0%,10%,0%,80%,10%,0%
37,Akpabuyo,55%,0%,27%,9%,9%,0%
38,Akuku Toru,0%,77%,0%,23%,0%,0%
39,Akure North,18%,55%,9%,18%,0%,0%
40,Akure South,8%,83%,0%,8%,0%,0%
41,Akwanga,12%,38%,38%,12%,0%,0%
42,Albasu,0%,86%,0%,14%,0%,0%
43,Aleiro,12%,88%,0%,0%,0%,0%
44,Alimosho,0%,18%,24%,30%,27%,0%
45,Alkaleri,55%,27%,9%,9%,0%,0%
46,Amuwo-Odofin,0%,24%,0%,44%,32%,0%
47,Anambra East,0%,7%,0%,86%,7%,0%
48,Anambra West,0%,0%,15%,54%,31%,0%
49,Anaocha,0%,0%,0%,0%,100%,0%
50,Andoni,100%,0%,0%,0%,0%,0%
51,Aninri,0%,17%,0%,25%,58%,0%
52,Aniocha North,0%,60%,0%,40%,0%,0%
53,Aniocha South,0%,60%,10%,30%,0%,0%
54,Ankpa,0%,12%,0%,88%,0%,0%
55,Apa,45%,0%,0%,18%,36%,0%
56,Apapa,6%,38%,22%,31%,3%,0%
57,Ardo Kola,38%,0%,0%,0%,62%,0%
58,Arewa,100%,0%,0%,0%,0%,0%
59,Argungu,12%,38%,12%,25%,12%,0%
60,Arochukwu,100%,0%,0%,0%,0%,0%
61,Asa,0%,78%,0%,0%,22%,0%
62,Asari Toru,8%,38%,38%,15%,0%,0%
63,Askira/Uba,0%,0%,33%,50%,17%,0%
64,Atakunmosa East,30%,40%,20%,10%,0%,0%
65,Atakunmosa West,0%,0%,10%,60%,30%,0%
66,Atiba,0%,100%,0%,0%,0%,0%
67,Atisbo,90%,10%,0%,0%,0%,0%
68,Augie,75%,12%,0%,12%,0%,0%
69,Auyo,11%,33%,22%,33%,0%,0%
70,Awe,38%,12%,12%,25%,12%,0%
71,Awgu,0%,0%,0%,25%,75%,0%
72,Awka North,0%,0%,0%,14%,86%,0%
73,Awka South,6%,6%,0%,19%,62%,6%
74,Ayamelum,0%,0%,31%,69%,0%,0%
75,Babura,25%,25%,38%,12%,0%,0%
76,Badagry,16%,69%,6%,9%,0%,0%
77,Bade,14%,14%,0%,14%,57%,0%
78,Bagudo,0%,12%,0%,75%,12%,0%
79,Bagwai,0%,100%,0%,0%,0%,0%
80,Bakassi,100%,0%,0%,0%,0%,0%
81,Bakori,0%,94%,0%,6%,0%,0%
82,Bakuka,59%,24%,12%,0%,6%,0%
83,Balanga,55%,18%,0%,0%,27%,0%
84,Bali,100%,0%,0%,0%,0%,0%
85,Bama,50%,43%,0%,7%,0%,0%
86,Barkin Ladi,11%,89%,0%,0%,0%,0%
87,Bassa,41%,35%,6%,12%,6%,0%
88,Batagarawa,12%,25%,19%,12%,31%,0%
89,Bauchi,8%,42%,8%,17%,25%,0%
90,Baure,31%,44%,25%,0%,0%,0%
91,Bayo,0%,0%,0%,71%,29%,0%
92,Bebeji,0%,100%,0%,0%,0%,0%
93,Bekwarra,75%,25%,0%,0%,0%,0%
94,Bende,91%,9%,0%,0%,0%,0%
95,Biase,100%,0%,0%,0%,0%,0%
96,Bichi,0%,100%,0%,0%,0%,0%
97,Bida,0%,71%,0%,14%,14%,0%
98,Billiri,0%,0%,45%,9%,45%,0%
99,Bindawa,38%,25%,38%,0%,0%,0%
100,Binji,57%,14%,7%,21%,0%,0%
101,Birnin Kebbi,0%,75%,0%,25%,0%,0%
102,Birnin Kudu,38%,0%,38%,12%,12%,0%
103,Birnin Magaji/Kiyaw,60%,40%,0%,0%,0%,0%
104,Birniwa,12%,38%,25%,0%,25%,0%
105,Biu,0%,8%,8%,69%,15%,0%
106,Bodinga,21%,7%,0%,29%,43%,0%
107,Bogoro,20%,60%,0%,20%,0%,0%
108,Boki,100%,0%,0%,0%,0%,0%
109,Bokkos,33%,22%,44%,0%,0%,0%
110,Boluwaduro,75%,25%,0%,0%,0%,0%
111,Bomadi,40%,40%,10%,10%,0%,0%
112,Bonny,0%,0%,13%,53%,33%,0%
113,Borgu,0%,9%,0%,0%,91%,0%
114,Boripe,25%,38%,12%,25%,0%,0%
115,Bosso,18%,0%,9%,9%,64%,0%
116,Brass,70%,0%,10%,20%,0%,0%
117,Buji,62%,38%,0%,0%,0%,0%
118,Bukkuyum,38%,33%,19%,5%,5%,0%
119,Bungudu,50%,50%,0%,0%,0%,0%
120,Bunkure,14%,43%,0%,43%,0%,0%
121,Bunza,0%,12%,12%,75%,0%,0%
122,Bursari,43%,57%,0%,0%,0%,0%
123,Buruku,55%,36%,0%,0%,9%,0%
124,Burutu,100%,0%,0%,0%,0%,0%
125,Bwari,16%,32%,0%,36%,16%,0%
126,Calabar Municipal,23%,8%,31%,38%,0%,0%
127,Calabar South,31%,31%,8%,31%,0%,0%
128,Chanchaga,0%,10%,0%,90%,0%,0%
129,Charanchi,0%,100%,0%,0%,0%,0%
130,Chibok,43%,57%,0%,0%,0%,0%
131,Chikun,10%,70%,10%,10%,0%,0%
132,Dala,0%,14%,0%,57%,29%,0%
133,Damaturu,14%,29%,0%,29%,29%,0%
134,Damban,90%,10%,0%,0%,0%,0%
135,Dambatta,0%,86%,0%,0%,14%,0%
136,Damboa,100%,0%,0%,0%,0%,0%
137,Dan Musa,0%,62%,12%,25%,0%,0%
138,Dandi,0%,0%,0%,67%,33%,0%
139,Dange Shuni,57%,43%,0%,0%,0%,0%
140,Danja,0%,81%,0%,0%,19%,0%
141,Danko wasagu,0%,11%,0%,56%,33%,0%
142,Darazo,0%,70%,20%,10%,0%,0%
143,Dass,10%,30%,10%,30%,20%,0%
144,Daura,50%,12%,25%,12%,0%,0%
145,Dawakin Kudu,43%,29%,0%,29%,0%,0%
146,Dawakin Tofa,0%,100%,0%,0%,0%,0%
147,Degema,0%,8%,58%,33%,0%,0%
148,Dekina,11%,89%,0%,0%,0%,0%
149,Demsa,0%,88%,0%,12%,0%,0%
150,Dikwa,100%,0%,0%,0%,0%,0%
151,Doguwa,0%,100%,0%,0%,0%,0%
152,Doma,10%,30%,0%,40%,20%,0%
153,Donga,12%,12%,38%,38%,0%,0%
154,Dukku,0%,17%,25%,50%,8%,0%
155,Dunukofia,0%,25%,6%,38%,31%,0%
156,Dutse,12%,50%,0%,12%,25%,0%
157,Dutsi,0%,69%,6%,12%,12%,0%
158,Dutsin Ma,38%,0%,0%,0%,62%,0%
159,Eastern Obolo,0%,44%,11%,33%,11%,0%
160,Ebonyi,0%,25%,0%,8%,67%,0%
161,Edati,0%,10%,0%,50%,40%,0%
162,Edda,0%,0%,8%,0%,92%,0%
163,Ede North,91%,9%,0%,0%,0%,0%
164,Ede South,60%,20%,0%,20%,0%,0%
165,Efon,33%,33%,0%,17%,17%,0%
166,Egbeda,45%,55%,0%,0%,0%,0%
167,Egbedore,38%,0%,0%,12%,50%,0%
168,Egor,0%,100%,0%,0%,0%,0%
169,Ehime Mbano,0%,60%,0%,40%,0%,0%
170,Ejigbo,0%,75%,12%,12%,0%,0%
171,Ekeremor,70%,30%,0%,0%,0%,0%
172,Eket,0%,0%,44%,44%,11%,0%
173,Ekiti,0%,20%,10%,50%,20%,0%
174,Ekiti East,9%,55%,9%,27%,0%,0%
175,Ekiti South-West,55%,27%,9%,9%,0%,0%
176,Ekiti West,8%,50%,0%,33%,8%,0%
177,Ekwusigo,0%,0%,0%,36%,64%,0%
178,Eleme,0%,0%,0%,14%,86%,0%
179,Emohua,50%,0%,17%,33%,0%,0%
180,Emure,27%,18%,0%,55%,0%,0%
181,Enugu East,0%,38%,0%,54%,8%,0%
182,Enugu North,15%,23%,0%,15%,46%,0%
183,Enugu South,0%,0%,0%,12%,81%,6%
184,Epe,39%,18%,0%,15%,27%,0%
185,Esan Central,0%,64%,0%,36%,0%,0%
186,Esan North-East,0%,17%,25%,50%,8%,0%
187,Esan South-East,0%,20%,10%,50%,20%,0%
188,Esan West,0%,50%,20%,30%,0%,0%
189,Ese Odo,0%,100%,0%,0%,0%,0%
190,Esit Eket,0%,0%,0%,33%,67%,0%
191,Essien Udim,0%,89%,0%,11%,0%,0%
192,Etche,8%,58%,33%,0%,0%,0%
193,Ethiope East,9%,91%,0%,0%,0%,0%
194,Ethiope West,10%,90%,0%,0%,0%,0%
195,Eti-Osa,0%,12%,0%,15%,70%,3%
196,Etim Ekpo,10%,40%,0%,50%,0%,0%
197,Etinan,33%,44%,11%,11%,0%,0%
198,Etsako Central,0%,100%,0%,0%,0%,0%
199,Etsako East,0%,100%,0%,0%,0%,0%
200,Etsako West,0%,90%,0%,10%,0%,0%
201,Etung,73%,0%,0%,18%,9%,0%
202,Ewekoro,0%,100%,0%,0%,0%,0%
203,Ezeagu,0%,8%,0%,67%,25%,0%
204,Ezinihitte,0%,40%,10%,50%,0%,0%
205,Ezza North,27%,9%,9%,9%,45%,0%
206,Ezza South,46%,15%,15%,15%,8%,0%
207,Fagge,0%,43%,0%,29%,29%,0%
208,Fakai,100%,0%,0%,0%,0%,0%
209,Fika,14%,0%,0%,0%,86%,0%
210,Fufure,0%,43%,0%,29%,29%,0%
211,Funakaye,0%,0%,9%,27%,64%,0%
212,Fune,0%,14%,43%,29%,14%,0%
213,Funtua,0%,44%,0%,19%,38%,0%
214,Gabasawa,0%,71%,0%,29%,0%,0%
215,Gada,43%,21%,0%,21%,14%,0%
216,Gagarawa,62%,0%,38%,0%,0%,0%
217,Gamawa,0%,64%,0%,36%,0%,0%
218,Ganjuwa,0%,50%,20%,20%,10%,0%
219,Ganye,0%,86%,14%,0%,0%,0%
220,Garki,62%,0%,25%,12%,0%,0%
221,Garko,0%,71%,29%,0%,0%,0%
222,Garun Mallam,0%,100%,0%,0%,0%,0%
223,Gashaka,100%,0%,0%,0%,0%,0%
224,Gassol,62%,12%,12%,0%,12%,0%
225,Gaya,0%,75%,12%,12%,0%,0%
226,Gbako,0%,67%,22%,11%,0%,0%
227,Gboko,0%,36%,0%,27%,27%,9%
228,Gbonyin,27%,9%,18%,45%,0%,0%
229,Geidam,0%,100%,0%,0%,0%,0%
230,Gezawa,29%,71%,0%,0%,0%,0%
231,Giade,80%,20%,0%,0%,0%,0%
232,Girei,0%,71%,0%,29%,0%,0%
233,Giwa,0%,22%,0%,56%,22%,0%
234,Gokana,0%,0%,8%,17%,75%,0%
235,Gombe,18%,0%,9%,9%,64%,0%
236,Gombi,0%,57%,14%,29%,0%,0%
237,Goronyo,100%,0%,0%,0%,0%,0%
238,Gubio,23%,62%,0%,15%,0%,0%
239,Gudu,57%,0%,0%,29%,14%,0%
240,Gujba,14%,43%,14%,0%,29%,0%
241,Gulani,43%,43%,0%,14%,0%,0%
242,Guma,0%,21%,50%,21%,7%,0%
243,Gumel,0%,0%,0%,100%,0%,0%
244,Gummi,33%,52%,14%,0%,0%,0%
245,Gurara,100%,0%,0%,0%,0%,0%
246,Guri,0%,38%,25%,38%,0%,0%
247,Gusau,21%,64%,0%,14%,0%,0%
248,Guyuk,0%,0%,86%,14%,0%,0%
249,Gwadabawa,100%,0%,0%,0%,0%,0%
250,Gwagwalada,12%,52%,6%,27%,3%,0%
251,Gwale,0%,73%,0%,18%,9%,0%
252,Gwandu,92%,0%,8%,0%,0%,0%
253,Gwaram,75%,12%,0%,0%,12%,0%
254,Gwarzo,0%,71%,0%,14%,14%,0%
255,Gwer East,27%,0%,36%,9%,27%,0%
256,Gwer West,6%,28%,22%,33%,11%,0%
257,Gwiwa,38%,12%,12%,38%,0%,0%
258,Gwoza,100%,0%,0%,0%,0%,0%
259,Hadejia,0%,62%,12%,25%,0%,0%
260,Hawul,0%,12%,0%,88%,0%,0%
261,Hong,0%,86%,0%,14%,0%,0%
262,Ibadan North,22%,67%,11%,0%,0%,0%
263,Ibadan North-East,11%,89%,0%,0%,0%,0%
264,Ibadan North-West,55%,45%,0%,0%,0%,0%
265,Ibadan South-East,60%,40%,0%,0%,0%,0%
266,Ibadan South-West,0%,60%,30%,10%,0%,0%
267,Ibaji,0%,38%,0%,62%,0%,0%
268,Ibarapa Central,89%,11%,0%,0%,0%,0%
269,Ibarapa East,0%,100%,0%,0%,0%,0%
270,Ibarapa North,9%,91%,0%,0%,0%,0%
271,Ibeju-Lekki,15%,26%,3%,44%,12%,0%
272,Ibeno,0%,67%,0%,33%,0%,0%
273,Ibesikpo Asutan,25%,42%,0%,33%,0%,0%
274,Ibi,0%,12%,62%,12%,12%,0%
275,Ibiono-Ibom,22%,78%,0%,0%,0%,0%
276,Idah,44%,11%,0%,33%,11%,0%
277,Idanre,0%,100%,0%,0%,0%,0%
278,Ideato North,0%,50%,0%,50%,0%,0%
279,Ideato South,0%,0%,0%,40%,60%,0%
280,Idemili North,0%,15%,0%,38%,46%,0%
281,Idemili South,0%,0%,0%,0%,100%,0%
282,Ido,40%,60%,0%,0%,0%,0%
283,Ido Osi,0%,73%,0%,27%,0%,0%
284,Ifako-Ijaiye,45%,12%,15%,27%,0%,0%
285,Ife Central,38%,50%,12%,0%,0%,0%
286,Ife East,0%,38%,0%,0%,62%,0%
287,Ife North,25%,62%,0%,12%,0%,0%
288,Ife South,40%,0%,0%,50%,10%,0%
289,Ifedayo,33%,67%,0%,0%,0%,0%
290,Ifedore,0%,0%,9%,55%,36%,0%
291,Ifelodun,42%,11%,0%,16%,32%,0%
292,Ifo,92%,8%,0%,0%,0%,0%
293,Igabi,18%,64%,0%,18%,0%,0%
294,Igalamela-Odolu,62%,25%,0%,12%,0%,0%
295,Igbo Etiti,0%,8%,0%,77%,15%,0%
296,Igbo Eze North,0%,0%,0%,17%,83%,0%
297,Igbo Eze South,0%,0%,0%,44%,56%,0%
298,Igueben,0%,40%,0%,60%,0%,0%
299,Ihiala,0%,0%,0%,69%,31%,0%
300,Ihitte/Uboma,11%,78%,11%,0%,0%,0%
301,Ijebu East,83%,17%,0%,0%,0%,0%
302,Ijebu North,17%,83%,0%,0%,0%,0%
303,Ijebu North East,17%,83%,0%,0%,0%,0%
304,Ijebu Ode,25%,67%,8%,0%,0%,0%
305,Ijero,58%,25%,0%,17%,0%,0%
306,Ijumu,0%,0%,12%,25%,62%,0%
307,Ika,0%,0%,11%,44%,44%,0%
308,Ika North East,0%,70%,0%,30%,0%,0%
309,Ika South,0%,80%,0%,20%,0%,0%
310,Ikara,100%,0%,0%,0%,0%,0%
311,Ikeduru,0%,38%,0%,62%,0%,0%
312,Ikeja,3%,9%,21%,59%,9%,0%
313,Ikenne,7%,93%,0%,0%,0%,0%
314,Ikere,45%,18%,0%,18%,18%,0%
315,Ikole,0%,9%,55%,27%,9%,0%
316,Ikom,100%,0%,0%,0%,0%,0%
317,Ikono,0%,22%,0%,56%,22%,0%
318,Ikorodu,0%,18%,0%,45%,36%,0%
319,Ikot Abasi (village),0%,11%,11%,67%,11%,0%
320,Ikot Ekpene,11%,11%,0%,11%,67%,0%
321,Ikpoba Okha,0%,36%,9%,55%,0%,0%
322,Ikwerre,0%,8%,17%,75%,0%,0%
323,Ikwo,30%,30%,0%,0%,40%,0%
324,Ikwuano,64%,36%,0%,0%,0%,0%
325,Ila,89%,11%,0%,0%,0%,0%
326,Ilaje,9%,91%,0%,0%,0%,0%
327,Ile-Oluji/Okeigbo,92%,8%,0%,0%,0%,0%
328,Ilejemeje,45%,0%,36%,9%,9%,0%
329,Ilesa East,25%,62%,0%,12%,0%,0%
330,Ilesa West,12%,50%,0%,38%,0%,0%
331,Illela,71%,0%,0%,0%,29%,0%
332,Ilorin East,20%,70%,0%,10%,0%,0%
333,Ilorin West,20%,70%,0%,10%,0%,0%
334,Imeko Afon,83%,0%,8%,8%,0%,0%
335,Ingaski,12%,50%,0%,38%,0%,0%
336,Ingawa,0%,88%,0%,12%,0%,0%
337,Ini,0%,22%,0%,56%,22%,0%
338,Ipokia,100%,0%,0%,0%,0%,0%
339,Irele,9%,91%,0%,0%,0%,0%
340,Irepo,100%,0%,0%,0%,0%,0%
341,Irepodun,19%,61%,3%,17%,0%,0%
342,Irepodun/Ifelodun,8%,58%,0%,33%,0%,0%
343,Irewole,100%,0%,0%,0%,0%,0%
344,Ise/Orun,55%,36%,9%,0%,0%,0%
345,Iseyin,40%,30%,20%,10%,0%,0%
346,Ishielu,10%,50%,10%,30%,0%,0%
347,Isi Uzo,0%,23%,8%,54%,15%,0%
348,Isiala Mbano,10%,40%,10%,40%,0%,0%
349,Isiala Ngwa North,15%,69%,0%,8%,8%,0%
350,Isiala Ngwa South,0%,0%,23%,8%,69%,0%
351,Isin,5%,77%,0%,18%,0%,0%
352,Isokan,67%,0%,0%,22%,11%,0%
353,Isoko North,15%,85%,0%,0%,0%,0%
354,Isoko South,25%,75%,0%,0%,0%,0%
355,Isu,0%,11%,0%,56%,33%,0%
356,Isuikwuato,67%,8%,0%,25%,0%,0%
357,Itas/Gadau,25%,75%,0%,0%,0%,0%
358,Itesiwaju,33%,33%,11%,22%,0%,0%
359,Itu,11%,33%,0%,44%,11%,0%
360,Ivo,0%,0%,40%,60%,0%,0%
361,Iwajowa,100%,0%,0%,0%,0%,0%
362,Iwo,0%,100%,0%,0%,0%,0%
363,Izzi,36%,0%,27%,18%,18%,0%
364,Jaba,100%,0%,0%,0%,0%,0%
365,Jada,25%,75%,0%,0%,0%,0%
366,Jahun,75%,0%,12%,12%,0%,0%
367,Jakusko,0%,0%,0%,0%,100%,0%
368,Jalingo,38%,38%,25%,0%,0%,0%
369,Jama'are,0%,0%,9%,45%,45%,0%
370,Jega,25%,75%,0%,0%,0%,0%
371,Jema'a,11%,78%,0%,11%,0%,0%
372,Jere,64%,36%,0%,0%,0%,0%
373,Jos East,10%,10%,40%,20%,20%,0%
374,Jos North,11%,22%,22%,22%,22%,0%
375,Jos South,0%,22%,44%,22%,11%,0%
376,Kabba/Bunu,0%,12%,0%,75%,12%,0%
377,Kabo,0%,57%,14%,29%,0%,0%
378,Kachia,67%,33%,0%,0%,0%,0%
379,Kaduna North,0%,17%,11%,67%,6%,0%
380,Kaduna South,0%,67%,11%,11%,11%,0%
381,Kafin Hausa,38%,12%,0%,38%,12%,0%
382,Kafur,12%,69%,0%,19%,0%,0%
383,Kaga,100%,0%,0%,0%,0%,0%
384,Kagarko,100%,0%,0%,0%,0%,0%
385,Kaita,0%,100%,0%,0%,0%,0%
386,Kajola,33%,56%,0%,11%,0%,0%
387,Kajuru,44%,56%,0%,0%,0%,0%
388,Kalgo,38%,12%,12%,38%,0%,0%
389,Kaltungo,9%,0%,0%,9%,82%,0%
390,Kanam,100%,0%,0%,0%,0%,0%
391,Kanke,89%,11%,0%,0%,0%,0%
392,Kankia,0%,12%,0%,25%,62%,0%
393,Kano Municipal,0%,14%,0%,71%,14%,0%
394,Karasuwa,57%,0%,14%,29%,0%,0%
395,Karaye,14%,43%,0%,29%,14%,0%
396,Karim Lamido,100%,0%,0%,0%,0%,0%
397,Karu,0%,73%,0%,27%,0%,0%
398,Katagum,30%,20%,0%,20%,30%,0%
399,Katcha,0%,43%,29%,29%,0%,0%
400,Katsina,0%,20%,0%,80%,0%,0%
401,Katsina-Ala,0%,18%,27%,36%,18%,0%
402,Kaugama,38%,50%,0%,12%,0%,0%
403,Kaura,20%,80%,0%,0%,0%,0%
404,Kaura-Namoda,50%,50%,0%,0%,0%,0%
405,Kauru,67%,33%,0%,0%,0%,0%
406,Kazaure,0%,44%,33%,22%,0%,0%
407,Kebbe,86%,14%,0%,0%,0%,0%
408,Keffi,0%,62%,0%,38%,0%,0%
409,Khana,50%,0%,17%,33%,0%,0%
410,Kibiya,12%,38%,12%,38%,0%,0%
411,Kirfi,40%,40%,10%,10%,0%,0%
412,Kiri Kasama,10%,30%,10%,30%,20%,0%
413,Kiru,0%,82%,9%,9%,0%,0%
414,Kiyawa,0%,0%,62%,38%,0%,0%
415,Koko,12%,50%,25%,12%,0%,0%
416,Kokona,0%,0%,62%,38%,0%,0%
417,Kolokuma/Opokuma,80%,10%,0%,10%,0%,0%
418,Konduga,23%,69%,0%,8%,0%,0%
419,Konshisha,27%,73%,0%,0%,0%,0%
420,Kontagora,0%,43%,0%,57%,0%,0%
421,Kosofe,0%,8%,38%,31%,23%,0%
422,Koton karfe,0%,12%,50%,25%,12%,0%
423,Kubau,100%,0%,0%,0%,0%,0%
424,Kudan,0%,78%,11%,11%,0%,0%
425,Kuje,4%,71%,4%,21%,0%,0%
426,Kumbotso,0%,0%,0%,43%,57%,0%
427,Kunchi,14%,86%,0%,0%,0%,0%
428,Kura,57%,14%,0%,29%,0%,0%
429,Kurfi,50%,25%,12%,0%,12%,0%
430,Kurmi,100%,0%,0%,0%,0%,0%
431,Kusada,6%,94%,0%,0%,0%,0%
432,Kwali,0%,67%,4%,29%,0%,0%
433,Kwami,0%,9%,45%,0%,45%,0%
434,Kwande,0%,36%,55%,9%,0%,0%
435,Kware,43%,43%,0%,0%,14%,0%
436,Kwaya Kusar,0%,0%,0%,0%,100%,0%
437,Lafia,0%,27%,27%,36%,9%,0%
438,Lagelu,91%,9%,0%,0%,0%,0%
439,Lagos Island,21%,16%,26%,29%,8%,0%
440,Lagos Mainland,0%,9%,0%,9%,81%,0%
441,Lamurde,0%,0%,43%,0%,57%,0%
442,Langtang North,78%,0%,11%,11%,0%,0%
443,Langtang South,100%,0%,0%,0%,0%,0%
444,Lapai,0%,0%,0%,29%,71%,0%
445,Latiagi,80%,20%,0%,0%,0%,0%
446,Lau,25%,25%,25%,12%,12%,0%
447,Lavun,0%,70%,0%,30%,0%,0%
448,Lere,100%,0%,0%,0%,0%,0%
449,Logo,0%,27%,55%,0%,18%,0%
450,Lokoja,0%,12%,0%,62%,25%,0%
451,Machina,0%,86%,0%,14%,0%,0%
452,Madagali,100%,0%,0%,0%,0%,0%
453,Madobi,0%,71%,14%,14%,0%,0%
454,Mafa,46%,31%,0%,23%,0%,0%
455,Magama,0%,10%,0%,20%,70%,0%
456,Magumeri,0%,36%,0%,64%,0%,0%
457,Mai'Adua,12%,25%,50%,12%,0%,0%
458,Maiduguri,8%,25%,33%,33%,0%,0%
459,Maigatari,0%,0%,75%,0%,25%,0%
460,Maiha,100%,0%,0%,0%,0%,0%
461,Maiyama,12%,50%,0%,38%,0%,0%
462,Makarfi,11%,67%,11%,11%,0%,0%
463,Makoda,0%,100%,0%,0%,0%,0%
464,Makurdi,18%,18%,45%,9%,9%,0%
465,Malam Madori,50%,25%,25%,0%,0%,0%
466,Malumfashi,0%,38%,0%,50%,12%,0%
467,Mangu,67%,0%,22%,11%,0%,0%
468,Mani,12%,25%,0%,38%,25%,0%
469,Maradun,50%,50%,0%,0%,0%,0%
470,Mariga,0%,0%,0%,100%,0%,0%
471,Maru,70%,10%,10%,0%,10%,0%
472,Mashegu,0%,0%,0%,0%,100%,0%
473,Mashi,50%,0%,12%,38%,0%,0%
474,Mayo Belwa,29%,71%,0%,0%,0%,0%
475,Mbaitoli,0%,11%,0%,67%,22%,0%
476,Mbo,100%,0%,0%,0%,0%,0%
477,Michika,100%,0%,0%,0%,0%,0%
478,Miga,75%,0%,25%,0%,0%,0%
479,Mikang,100%,0%,0%,0%,0%,0%
480,Minjibir,0%,14%,14%,57%,14%,0%
481,Misau,10%,40%,0%,10%,40%,0%
482,Mkpat-Enin,0%,10%,10%,70%,10%,0%
483,Moba,27%,9%,0%,64%,0%,0%
484,Mokwa,0%,0%,0%,0%,100%,0%
485,Mopa-Muro,0%,12%,0%,50%,38%,0%
486,Moro,90%,10%,0%,0%,0%,0%
487,Mubi North,29%,71%,0%,0%,0%,0%
488,Mubi South,14%,86%,0%,0%,0%,0%
489,Munya,0%,80%,0%,20%,0%,0%
490,Mushin,22%,22%,12%,28%,16%,0%
491,Nafada,0%,0%,27%,18%,55%,0%
492,Nangere,0%,0%,0%,43%,57%,0%
493,Nasarawa,0%,50%,12%,31%,6%,0%
494,Nasarawa Eggon,0%,12%,62%,12%,12%,0%
495,Ndokwa East,10%,90%,0%,0%,0%,0%
496,Ndokwa West,0%,40%,20%,20%,20%,0%
497,Nembe,75%,8%,8%,0%,8%,0%
498,Nganzai,100%,0%,0%,0%,0%,0%
499,Ngor Okpala,50%,40%,0%,10%,0%,0%
500,Nguru,43%,0%,0%,14%,43%,0%
501,Ningi,0%,50%,50%,0%,0%,0%
502,Njaba,90%,10%,0%,0%,0%,0%
503,Njikoka,0%,23%,0%,68%,10%,0%
504,Nkanu East,100%,0%,0%,0%,0%,0%
505,Nkanu West,0%,33%,0%,42%,25%,0%
506,Nkwerre,100%,0%,0%,0%,0%,0%
507,Nnewi North,0%,0%,0%,0%,100%,0%
508,Nnewi South,0%,0%,0%,7%,93%,0%
509,Nsit-Atai,18%,36%,0%,45%,0%,0%
510,Nsit-Ibom,70%,10%,0%,10%,10%,0%
511,Nsit-Ubium,0%,78%,0%,22%,0%,0%
512,Nsukka,0%,46%,8%,31%,15%,0%
513,Numan,43%,57%,0%,0%,0%,0%
514,Nwangele,0%,60%,10%,20%,10%,0%
515,Obafemi Owode,8%,67%,17%,8%,0%,0%
516,Obanliku,91%,9%,0%,0%,0%,0%
517,Obi,45%,10%,30%,10%,5%,0%
518,Obi Ngwa,0%,73%,0%,27%,0%,0%
519,Obio-Akpor,36%,43%,7%,14%,0%,0%
520,Obokun,44%,33%,0%,11%,11%,0%
521,Obot Akara,100%,0%,0%,0%,0%,0%
522,Obowo,40%,60%,0%,0%,0%,0%
523,Obubra,0%,45%,9%,18%,27%,0%
524,Obudu,64%,27%,0%,9%,0%,0%
525,Odeda,83%,8%,0%,8%,0%,0%
526,Odigbo,0%,64%,0%,9%,27%,0%
527,Odo-Otin,78%,22%,0%,0%,0%,0%
528,Odogbolu,92%,8%,0%,0%,0%,0%
529,Odukpani,73%,0%,9%,18%,0%,0%
530,Offa,0%,100%,0%,0%,0%,0%
531,Ofu,12%,12%,0%,25%,50%,0%
532,Ogba-Egbema-Ndoni,0%,0%,42%,58%,0%,0%
533,Ogbadibo,0%,9%,64%,9%,18%,0%
534,Ogbaru,0%,0%,8%,8%,85%,0%
535,Ogbia,92%,0%,8%,0%,0%,0%
536,Ogbomosho North,40%,60%,0%,0%,0%,0%
537,Ogbomosho South,100%,0%,0%,0%,0%,0%
538,Ogo Oluwa,11%,78%,0%,11%,0%,0%
539,Ogoja,0%,0%,9%,45%,45%,0%
540,Ogu-Bolo,50%,50%,0%,0%,0%,0%
541,Ogun Waterside,100%,0%,0%,0%,0%,0%
542,Oguta,0%,20%,40%,30%,10%,0%
543,Ohafia,100%,0%,0%,0%,0%,0%
544,Ohaji/Egbema,38%,50%,0%,0%,12%,0%
545,Ohaozara,0%,0%,33%,67%,0%,0%
546,Ohaukwu,0%,0%,31%,69%,0%,0%
547,Ohimini,27%,9%,9%,9%,45%,0%
548,Oji River,0%,20%,33%,47%,0%,0%
549,Ojo,3%,47%,12%,22%,16%,0%
550,Oju,0%,64%,0%,36%,0%,0%
551,Oke Ero,0%,91%,0%,9%,0%,0%
552,Okehi,0%,12%,0%,88%,0%,0%
553,Okene,0%,12%,12%,75%,0%,0%
554,Okigwe,100%,0%,0%,0%,0%,0%
555,Okirika,0%,8%,67%,25%,0%,0%
556,Okitipupa,0%,100%,0%,0%,0%,0%
557,Okobo,56%,44%,0%,0%,0%,0%
558,Okpe,0%,0%,20%,40%,40%,0%
559,Okpokwu,91%,0%,0%,0%,9%,0%
560,Ola-Oluwa,0%,25%,12%,25%,38%,0%
561,Olamaboro,25%,25%,12%,38%,0%,0%
562,Olorunda,25%,62%,0%,0%,12%,0%
563,Olorunsogo,100%,0%,0%,0%,0%,0%
564,Oluyole,82%,18%,0%,0%,0%,0%
565,Omala,25%,0%,38%,12%,25%,0%
566,Omuma,0%,75%,8%,17%,0%,0%
567,Ona Ara,44%,56%,0%,0%,0%,0%
568,Ondo East,9%,64%,18%,9%,0%,0%
569,Ondo West,55%,45%,0%,0%,0%,0%
570,Onicha,45%,45%,9%,0%,0%,0%
571,Onitsha North,0%,0%,0%,21%,79%,0%
572,Onitsha South,0%,0%,0%,23%,77%,0%
573,Onna,0%,55%,0%,45%,0%,0%
574,Onuimo,0%,80%,0%,20%,0%,0%
575,Opobo-Nkoro,100%,0%,0%,0%,0%,0%
576,Oredo,0%,90%,0%,10%,0%,0%
577,Orelope,0%,100%,0%,0%,0%,0%
578,Orhionmwon,0%,0%,50%,50%,0%,0%
579,Ori-Ade,0%,100%,0%,0%,0%,0%
580,Orire,89%,11%,0%,0%,0%,0%
581,Orlu,20%,50%,20%,10%,0%,0%
582,Orolu,0%,38%,38%,25%,0%,0%
583,Oron,100%,0%,0%,0%,0%,0%
584,Orsu,0%,0%,0%,0%,100%,0%
585,Oru East,91%,9%,0%,0%,0%,0%
586,Oru West,0%,80%,0%,20%,0%,0%
587,Oruk Anam,0%,89%,0%,0%,11%,0%
588,Orumba North,0%,0%,0%,69%,31%,0%
589,Orumba South,0%,14%,0%,64%,21%,0%
590,Ose,0%,100%,0%,0%,0%,0%
591,Oshimili North,0%,70%,0%,30%,0%,0%
592,Oshimili South,0%,20%,10%,60%,10%,0%
593,Oshodi-Isolo,0%,9%,9%,67%,15%,0%
594,Osisioma,0%,0%,0%,25%,75%,0%
595,Osogbo,0%,12%,25%,38%,25%,0%
596,Oturkpo,18%,9%,9%,9%,55%,0%
597,Ovia North-East,0%,10%,10%,60%,20%,0%
598,Ovia South-West,0%,0%,70%,30%,0%,0%
599,Owan East,0%,40%,0%,60%,0%,0%
600,Owan West,0%,10%,40%,30%,20%,0%
601,Owerri Municipal,0%,31%,15%,38%,15%,0%
602,Owerri North,56%,22%,0%,22%,0%,0%
603,Owerri West,0%,88%,0%,0%,12%,0%
604,Owo,0%,91%,0%,9%,0%,0%
605,Oye,64%,18%,9%,9%,0%,0%
606,Oyi,8%,69%,0%,23%,0%,0%
607,Oyigbo,0%,0%,17%,83%,0%,0%
608,Oyo East,90%,10%,0%,0%,0%,0%
609,Oyo West,100%,0%,0%,0%,0%,0%
610,Oyun,0%,100%,0%,0%,0%,0%
611,Paikoro,0%,100%,0%,0%,0%,0%
612,Pankshin,75%,12%,0%,12%,0%,0%
613,Patani,67%,33%,0%,0%,0%,0%
614,Port Harcourt,8%,69%,0%,23%,0%,0%
615,Potiskum,0%,43%,14%,29%,14%,0%
616,Quaran Pan,100%,0%,0%,0%,0%,0%
617,Rafi,0%,0%,12%,88%,0%,0%
618,Rano,0%,43%,14%,43%,0%,0%
619,Remo North,17%,75%,0%,8%,0%,0%
620,Rimi,0%,100%,0%,0%,0%,0%
621,Rimin Gado,0%,43%,29%,29%,0%,0%
622,Ringim,25%,25%,25%,12%,12%,0%
623,Riyom,78%,0%,0%,22%,0%,0%
624,Rogo,0%,43%,14%,29%,14%,0%
625,Roni,25%,38%,38%,0%,0%,0%
626,Sabon Gari,0%,60%,20%,20%,0%,0%
627,Sagbama,90%,10%,0%,0%,0%,0%
628,Sakaba,11%,67%,0%,11%,11%,0%
629,Saki East,55%,45%,0%,0%,0%,0%
630,Saki West,91%,9%,0%,0%,0%,0%
631,Sandamu,0%,50%,50%,0%,0%,0%
632,Sanga,18%,82%,0%,0%,0%,0%
633,Sapele,0%,100%,0%,0%,0%,0%
634,Sardauna,100%,0%,0%,0%,0%,0%
635,Shagamu,75%,25%,0%,0%,0%,0%
636,Shagari,100%,0%,0%,0%,0%,0%
637,Shanga,25%,75%,0%,0%,0%,0%
638,Shani,0%,0%,33%,67%,0%,0%
639,Shanono,0%,29%,14%,57%,0%,0%
640,Shelleng,14%,14%,0%,0%,71%,0%
641,Shendam,100%,0%,0%,0%,0%,0%
642,Shira,40%,30%,0%,10%,20%,0%
643,Shiroro,0%,70%,0%,30%,0%,0%
644,Shongom,18%,0%,27%,18%,36%,0%
645,Silame,100%,0%,0%,0%,0%,0%
646,Soba,100%,0%,0%,0%,0%,0%
647,Sokoto North,29%,29%,0%,14%,29%,0%
648,Sokoto South,7%,64%,0%,21%,7%,0%
649,Somolu,0%,18%,3%,41%,38%,0%
650,Song,29%,57%,14%,0%,0%,0%
651,Southern Ijaw,100%,0%,0%,0%,0%,0%
652,Sule Tankarkar,0%,0%,75%,25%,0%,0%
653,Suleja,7%,0%,0%,7%,86%,0%
654,Sumaila,0%,57%,0%,43%,0%,0%
655,Suru,12%,0%,0%,88%,0%,0%
656,Surulere,13%,27%,9%,18%,33%,0%
657,Tafa,0%,33%,0%,67%,0%,0%
658,Tafawa Balewa,10%,50%,0%,30%,10%,0%
659,Tai,0%,0%,0%,33%,67%,0%
660,Takai,0%,43%,14%,14%,29%,0%
661,Takum,62%,0%,0%,0%,38%,0%
662,Talata-Mafara,69%,15%,15%,0%,0%,0%
663,Tambuwal,29%,71%,0%,0%,0%,0%
664,Tangaza,100%,0%,0%,0%,0%,0%
665,Tarauni,0%,71%,29%,0%,0%,0%
666,Tarka,0%,36%,36%,9%,18%,0%
667,Tarmuwa,29%,43%,29%,0%,0%,0%
668,Taura,100%,0%,0%,0%,0%,0%
669,Tofa,0%,86%,14%,0%,0%,0%
670,Toro,20%,60%,10%,10%,0%,0%
671,Toto,0%,25%,38%,25%,12%,0%
672,Toungo,11%,89%,0%,0%,0%,0%
673,Tsafe,60%,20%,10%,10%,0%,0%
674,Tsanyawa,0%,100%,0%,0%,0%,0%
675,Tudun Wada,14%,86%,0%,0%,0%,0%
676,Udenu,0%,100%,0%,0%,0%,0%
677,Udi,8%,50%,0%,33%,8%,0%
678,Udu,0%,83%,0%,17%,0%,0%
679,Udung-Uko,100%,0%,0%,0%,0%,0%
680,Ughelli North,0%,27%,27%,45%,0%,0%
681,Ughelli South,0%,100%,0%,0%,0%,0%
682,Ugwunagbo,42%,25%,25%,8%,0%,0%
683,Uhunmwonde,0%,10%,0%,80%,10%,0%
684,Ukanafun,0%,50%,0%,30%,20%,0%
685,Ukum,9%,82%,0%,9%,0%,0%
686,Ukwa East,0%,33%,25%,42%,0%,0%
687,Ukwa West,0%,50%,50%,0%,0%,0%
688,Ukwuani,0%,100%,0%,0%,0%,0%
689,Umu Nneochi,100%,0%,0%,0%,0%,0%
690,Umuahia North,9%,45%,0%,36%,9%,0%
691,Umuahia South,43%,43%,0%,14%,0%,0%
692,Ungogo,0%,14%,14%,57%,14%,0%
693,Uruan,0%,22%,56%,22%,0%,0%
694,Urue-Offong/Oruko,55%,27%,0%,18%,0%,0%
695,Ushongo,55%,18%,18%,0%,9%,0%
696,Ussa,100%,0%,0%,0%,0%,0%
697,Uvwie,0%,60%,20%,20%,0%,0%
698,Uyo,11%,22%,11%,56%,0%,0%
699,Uzo-Uwani,0%,0%,0%,4%,96%,0%
700,Vandeikya,0%,45%,9%,45%,0%,0%
701,Wamakko,43%,14%,0%,29%,14%,0%
702,Wamba,0%,20%,50%,0%,30%,0%
703,Warawa,0%,86%,14%,0%,0%,0%
704,Warji,20%,80%,0%,0%,0%,0%
705,Warri North,71%,29%,0%,0%,0%,0%
706,Warri South,0%,70%,20%,10%,0%,0%
707,Warri South West,70%,10%,0%,0%,20%,0%
708,Wase,100%,0%,0%,0%,0%,0%
709,Wudil,0%,43%,29%,29%,0%,0%
710,Wukari,0%,44%,22%,33%,0%,0%
711,Wurno,100%,0%,0%,0%,0%,0%
712,Wushishi,100%,0%,0%,0%,0%,0%
713,Yabo,86%,14%,0%,0%,0%,0%
714,Yagba East,0%,50%,0%,25%,25%,0%
715,Yagba West,0%,12%,0%,25%,62%,0%
716,Yakurr,9%,27%,0%,45%,18%,0%
717,Yala,0%,55%,0%,45%,0%,0%
718,Yamaltu/Deba,9%,45%,27%,0%,18%,0%
719,Yankwashi,50%,12%,25%,12%,0%,0%
720,Yauri,0%,25%,12%,62%,0%,0%
721,Yenagoa,50%,0%,0%,36%,14%,0%
722,Yewa North,100%,0%,0%,0%,0%,0%
723,Yewa South,94%,0%,0%,6%,0%,0%
724,Yola North,0%,43%,0%,29%,29%,0%
725,Yola South,0%,86%,0%,14%,0%,0%
726,Yorro,62%,25%,12%,0%,0%,0%
727,Yunusari,14%,14%,14%,57%,0%,0%
728,Yusufari,0%,43%,0%,14%,43%,0%
729,Zaki,70%,20%,0%,10%,0%,0%
730,Zango,25%,0%,12%,25%,38%,0%
731,Zangon Kataf,33%,67%,0%,0%,0%,0%
732,Zaria,7%,33%,13%,40%,7%,0%
733,Zing,62%,0%,12%,0%,25%,0%
734,Zurmi,38%,62%,0%,0%,0%,0%
735,Zuru,0%,62%,12%,25%,0%,0%
736,keana,12%,88%,0%,0%,0%,0%
737,ogori/magongo,0%,0%,0%,75%,25%,0%
