Timestamp,What is the name of the hospital?,Building Name,"If Others, Kindly Input Building Name",Status (If currently at the hospital or in the future plans of the hospital to purchase over the next 3 years),Is it a medical or Non medical Appliance,Equipment Category,Medical Equipment Name,"If Others, Kindly Input the Medical Equipment Name",Non-Medical Equipment/Appliance Name,"If Others, What equipment/Appliance",How would you categorize this equipment/Appliance,Count,Rated Capacity,Unit of Rating,"if others, whats is the name of the unit of measurement",Working condition,Daily Hours of Use,Peak energy usage times,Take an image of the equipment if accessible
8/18/2025 21:13:45,Ifako Agege General Hospital,Engineering; Procurement; Store; Catering; Security; Domestic; Transport; Laundry; Tailoring,,Currently Available,Non-Medical,LIghtening,,,Light bulb,,Critical,7,10,Watts,,Good ,14,Morning (12 am- 3 am),
8/18/2025 21:18:35,Ifako Agege General Hospital,Engineering; Procurement; Store; Catering; Security; Domestic; Transport; Laundry; Tailoring,,Currently Available,Non-Medical,LIghtening,,,Light bulb,,Critical,3,30,Watts,,Good ,6,Morining (6 am - 9 am),
8/18/2025 21:21:17,Ifako Agege General Hospital,Engineering; Procurement; Store; Catering; Security; Domestic; Transport; Laundry; Tailoring,,Currently Available,Non-Medical,LIghtening,,,Light bulb,,Critical,2,100,Watts,,Good ,12,Night (9 pm - 12 am),
8/18/2025 21:23:12,Ifako Agege General Hospital,Engineering; Procurement; Store; Catering; Security; Domestic; Transport; Laundry; Tailoring,,Currently Available,Non-Medical,Cooling,,,Fan,,Critical,9,100,Watts,,Good ,6,Afternoon (12 pm - 3 pm),
8/18/2025 21:27:00,Ifako Agege General Hospital,Engineering; Procurement; Store; Catering; Security; Domestic; Transport; Laundry; Tailoring,,Currently Available,Non-Medical,Cooling,,,Fan,,Critical,4,135,Watts,,Good ,6,Afternoon (12 pm - 3 pm),
8/18/2025 21:28:38,Ifako Agege General Hospital,Engineering; Procurement; Store; Catering; Security; Domestic; Transport; Laundry; Tailoring,,Currently Available,Non-Medical,Heating,,,Others,Electric iron,Non-Critical,2,2000,Watts,,Good ,5,Morining (9 am - 12 pm),
8/18/2025 21:31:24,Ifako Agege General Hospital,Engineering; Procurement; Store; Catering; Security; Domestic; Transport; Laundry; Tailoring,,Currently Available,Non-Medical,Others,,,Others,Industrial sewing machine,Non-Critical,3,250,Watts,,Good ,6,"Morining (9 am - 12 pm) , Afternoon (12 pm - 3 pm)",
8/18/2025 21:44:26,Ifako Agege General Hospital,Engineering; Procurement; Store; Catering; Security; Domestic; Transport; Laundry; Tailoring,,Currently Available,Non-Medical,Others,,,Others,Stabilizer,Non-Critical,3,2000,Watts,,Good ,6,"Morining (9 am - 12 pm) , Afternoon (12 pm - 3 pm)",
8/18/2025 21:46:37,Ifako Agege General Hospital,Engineering; Procurement; Store; Catering; Security; Domestic; Transport; Laundry; Tailoring,,Currently Available,Non-Medical,Cooling,,,Freezer/Fridge,,Non-Critical,3,90,Watts,,Good ,6,Afternoon (12 pm - 3 pm),
8/18/2025 22:05:31,Ifako Agege General Hospital,Engineering; Procurement; Store; Catering; Security; Domestic; Transport; Laundry; Tailoring,,Currently Available,Non-Medical,Cooling,,,Others,Airconditional,Non-Critical,3,1200,Watts,,Bad - Not Working,4,Afternoon (12 pm - 3 pm),
8/18/2025 22:10:16,Ifako Agege General Hospital,Engineering; Procurement; Store; Catering; Security; Domestic; Transport; Laundry; Tailoring,,Currently Available,Non-Medical,Heating,,,Others,Electric kettle,Non-Critical,1,2000,Watts,,Good ,2,Morining (6 am - 9 am),
8/18/2025 22:12:18,Ifako Agege General Hospital,Engineering; Procurement; Store; Catering; Security; Domestic; Transport; Laundry; Tailoring,,Currently Available,Non-Medical,Heating,,,Others,Microwave,Non-Critical,1,1000,Watts,,Good ,3,Morining (9 am - 12 pm),
8/18/2025 22:13:53,Ifako Agege General Hospital,Engineering; Procurement; Store; Catering; Security; Domestic; Transport; Laundry; Tailoring,,Currently Available,Non-Medical,Heating,,,Others,Electric cooker,Non-Critical,2,1000,Watts,,Good ,3,"Afternoon (12 pm - 3 pm) , Afternoon (3 pm -  6 pm)",
8/18/2025 22:15:27,Ifako Agege General Hospital,Engineering; Procurement; Store; Catering; Security; Domestic; Transport; Laundry; Tailoring,,Currently Available,Non-Medical,Cooling,,,Freezer/Fridge,,Non-Critical,1,130,Watts,,Good ,6,"Morining (9 am - 12 pm) , Afternoon (12 pm - 3 pm)",
8/18/2025 22:18:00,Ifako Agege General Hospital,Engineering; Procurement; Store; Catering; Security; Domestic; Transport; Laundry; Tailoring,,Currently Available,Non-Medical,Others,,,Television,,Non-Critical,4,60,Watts,,Good ,4,Afternoon (12 pm - 3 pm),
8/18/2025 22:21:19,Ifako Agege General Hospital,Engineering; Procurement; Store; Catering; Security; Domestic; Transport; Laundry; Tailoring,,Currently Available,Non-Medical,Others,,,Television,,Non-Critical,2,40,Watts,,Good ,4,Afternoon (12 pm - 3 pm),
8/18/2025 22:23:57,Ifako Agege General Hospital,Dentistry (including sub-specialties),,Currently Available,Non-Medical,LIghtening,,,Light bulb,,Critical,9,18,Watts,,Good ,8,"Morining (9 am - 12 pm) , Afternoon (12 pm - 3 pm)",
8/18/2025 22:30:41,Ifako Agege General Hospital,Dentistry (including sub-specialties),,Currently Available,Non-Medical,LIghtening,,,Light bulb,,Critical,4,80,Watts,,Good ,8,"Morining (9 am - 12 pm) , Afternoon (12 pm - 3 pm)",
8/18/2025 22:32:31,Ifako Agege General Hospital,Dentistry (including sub-specialties),,Currently Available,Non-Medical,Cooling,,,Others,Airconditional,Non-Critical,5,2000,Watts,,Good ,4,"Morining (9 am - 12 pm) , Afternoon (12 pm - 3 pm)",
8/18/2025 22:35:00,Ifako Agege General Hospital,Dentistry (including sub-specialties),,Currently Available,Non-Medical,Cooling,,,Freezer/Fridge,,Non-Critical,2,70,Watts,,Good ,6,"Morining (9 am - 12 pm) , Afternoon (12 pm - 3 pm)",
8/18/2025 22:43:27,Ifako Agege General Hospital,Dentistry (including sub-specialties),,Currently Available,Medical,Others,Sterilizer or Autoclave Machine,,,,Critical,1,1750,Watts,,Good ,4,"Morining (9 am - 12 pm) , Afternoon (12 pm - 3 pm)",
8/18/2025 22:46:31,Ifako Agege General Hospital,Dentistry (including sub-specialties),,Currently Available,Non-Medical,Others,,,Others,Dental chair,Non-Critical,3,9000,Watts,,Good ,5,"Morining (9 am - 12 pm) , Afternoon (12 pm - 3 pm)",
8/18/2025 22:48:36,Ifako Agege General Hospital,Engineering; Procurement; Store; Catering; Security; Domestic; Transport; Laundry; Tailoring,,Currently Available,Medical,Others,Sterilizer or Autoclave Machine,,,,Critical,1,2000,Watts,,Good ,6,"Afternoon (12 pm - 3 pm) , Afternoon (3 pm -  6 pm)",
8/18/2025 22:53:29,Ifako Agege General Hospital,Dentistry (including sub-specialties),,Currently Available,Non-Medical,Heating,,,Others,Electric kettle,Non-Critical,1,2200,Watts,,Good ,4,,
8/18/2025 22:55:31,Ifako Agege General Hospital,Dentistry (including sub-specialties),,Currently Available,Non-Medical,Heating,,,Others,Microwave,Non-Critical,1,1000,Watts,,Good ,6,Morining (9 am - 12 pm),
8/19/2025 0:52:24,Alimosho General Hospital,Others,Mosque,Currently Available,Non-Medical,LIghtening,,,Light bulb,,Non-Critical,8,18,Watts,,Good ,2,Morning (3 am- 6 am),Appliance Audit_Images/08-19-2025 00-52-24.Take an image of the equipment if accessible.235920.jpg
8/19/2025 0:59:19,Alimosho General Hospital,Others,Mosque,Currently Available,Non-Medical,Cooling,,,Fan,,Non-Critical,4,150,Watts,,Good ,2,"Morning (3 am- 6 am) , Evening (6 pm - 9 pm)",Appliance Audit_Images/08-19-2025 00-59-19.Take an image of the equipment if accessible.000205.jpg
8/19/2025 1:02:05,Alimosho General Hospital,Others,Mosque,Currently Available,Non-Medical,Cooling,,,Fan,,Non-Critical,4,150,Watts,,Good ,2,,Appliance Audit_Images/08-19-2025 01-02-05.Take an image of the equipment if accessible.000422.jpg
8/19/2025 1:04:33,Alimosho General Hospital,Others,Mosque,Currently Available,Non-Medical,Others,,,Others,Public Address system,Non-Critical,1,100,Watts,,Good ,,,
8/19/2025 1:06:28,Alimosho General Hospital,Others,Kitchen,Currently Available,Non-Medical,Cooling,,,Freezer/Fridge,,Non-Critical,2,750,Watts,,Good ,8,"Morining (9 am - 12 pm) , Afternoon (12 pm - 3 pm) , Afternoon (3 pm -  6 pm)",Appliance Audit_Images/08-19-2025 01-06-28.Take an image of the equipment if accessible.000833.jpg
8/19/2025 1:08:34,Alimosho General Hospital,Others,Kitchen,Currently Available,Non-Medical,Cooling,,,Others,Air conditioner,Non-Critical,10,1.5,Horsepower,,Good ,6,"Morining (9 am - 12 pm) , Afternoon (12 pm - 3 pm) , Afternoon (3 pm -  6 pm)",Appliance Audit_Images/08-19-2025 01-08-34.Take an image of the equipment if accessible.001112.jpg
8/19/2025 1:11:12,Alimosho General Hospital,Others,Kitchen,Currently Available,Non-Medical,Others,,,Others,Microwave,Non-Critical,2,1500,Watts,,Good ,3,"Morining (9 am - 12 pm) , Afternoon (12 pm - 3 pm) , Afternoon (3 pm -  6 pm)",Appliance Audit_Images/08-19-2025 01-11-12.Take an image of the equipment if accessible.001418.jpg
8/19/2025 1:14:25,Alimosho General Hospital,Others,Kitchen,Currently Available,Non-Medical,Cooling,,,Fan,,Non-Critical,4,135,Watts,,Good ,,"Morining (9 am - 12 pm) , Afternoon (12 pm - 3 pm) , Afternoon (3 pm -  6 pm)",
8/19/2025 1:19:56,Alimosho General Hospital,Others,Kitchen,Currently Available,Non-Medical,Heating,,,Others,Water heater,Non-Critical,1,1200,Watts,,Good ,,"Morining (9 am - 12 pm) , Afternoon (12 pm - 3 pm) , Afternoon (3 pm -  6 pm)",Appliance Audit_Images/08-19-2025 01-19-56.Take an image of the equipment if accessible.002216.jpg
8/19/2025 1:22:26,Alimosho General Hospital,Others,Kitchen,Currently Available,Non-Medical,Others,,,Freezer/Fridge,,Non-Critical,4,260,Watts,,Good ,6,,Appliance Audit_Images/08-19-2025 01-22-26.Take an image of the equipment if accessible.002427.jpg
8/19/2025 1:33:03,Alimosho General Hospital,Others,Kitchen,Currently Available,Non-Medical,Others,,,Television,,Non-Critical,1,,Watts,,Good ,8,"Morining (9 am - 12 pm) , Afternoon (12 pm - 3 pm) , Afternoon (3 pm -  6 pm)",
8/19/2025 1:37:34,Alimosho General Hospital,Others,Kitchen,Currently Available,Non-Medical,Cooling,,,Freezer/Fridge,,Non-Critical,1,,Watts,,Good ,6,"Morining (9 am - 12 pm) , Afternoon (12 pm - 3 pm) , Afternoon (3 pm -  6 pm)",Appliance Audit_Images/08-19-2025 01-37-34.Take an image of the equipment if accessible.004014.jpg
8/19/2025 1:40:19,Alimosho General Hospital,Others,Kitchen,Currently Available,Non-Medical,LIghtening,,,Light bulb,,Non-Critical,42,24,Watts,,Good ,,"Morning (3 am- 6 am) , Morining (6 am - 9 am) , Morining (9 am - 12 pm) , Afternoon (12 pm - 3 pm) , Afternoon (3 pm -  6 pm) , Evening (6 pm - 9 pm)",
8/19/2025 1:43:36,Alimosho General Hospital,Others,Kitchen,Currently Available,Non-Medical,LIghtening,,,Light bulb,,Non-Critical,1,100,Watts,,Good ,,,
8/19/2025 1:44:24,Alimosho General Hospital,Others,Kitchen,Currently Available,Non-Medical,Others,,,Others,Grinding machine,Non-Critical,1,1500,Watts,,Good ,2,"Morining (9 am - 12 pm) , Afternoon (3 pm -  6 pm)",Appliance Audit_Images/08-19-2025 01-44-24.Take an image of the equipment if accessible.004637.jpg
8/19/2025 1:46:40,Alimosho General Hospital,Others,Kitchen,Currently Available,Non-Medical,Others,,,Others,Insect killer,Non-Critical,2,6,Watts,,Good ,8,,Appliance Audit_Images/08-19-2025 01-46-40.Take an image of the equipment if accessible.004812.jpg
8/19/2025 1:48:23,Alimosho General Hospital,Others,Dialysis and Dental building,Currently Available,Non-Medical,LIghtening,,,Light bulb,,Critical,35,18,Watts,,Good ,,,
8/19/2025 1:52:00,Alimosho General Hospital,Others,Dialysis and Dental building,Currently Available,Non-Medical,LIghtening,,,Light bulb,,Critical,9,10,Watts,,Good ,,,Appliance Audit_Images/08-19-2025 01-52-00.Take an image of the equipment if accessible.005344.jpg
8/19/2025 1:53:53,Alimosho General Hospital,Others,Dialysis and Dental building,Currently Available,Non-Medical,LIghtening,,,Light bulb,,Critical,32,24,Watts,,Good ,,,
8/19/2025 1:55:11,Alimosho General Hospital,Others,Dialysis and Dental building,Currently Available,Non-Medical,LIghtening,,,Light bulb,,Critical,10,50,Watts,,Good ,,,
8/19/2025 1:56:42,Alimosho General Hospital,Others,Dialysis and Dental building,Currently Available,Non-Medical,Cooling,,,Others,Air conditioner,Non-Critical,2,1,Horsepower,,Good ,8,"Morning (3 am- 6 am) , Morining (6 am - 9 am) , Morining (9 am - 12 pm) , Afternoon (12 pm - 3 pm) , Afternoon (3 pm -  6 pm) , Evening (6 pm - 9 pm)",Appliance Audit_Images/08-19-2025 01-56-42.Take an image of the equipment if accessible.005838.jpg
8/19/2025 1:58:41,Alimosho General Hospital,Others,Dialysis and Dental building,Currently Available,Non-Medical,Cooling,,,Others,Air conditioner,Non-Critical,15,1.5,Horsepower,,Good ,10,"Morining (6 am - 9 am) , Morining (9 am - 12 pm) , Afternoon (12 pm - 3 pm) , Afternoon (3 pm -  6 pm) , Evening (6 pm - 9 pm)",
8/19/2025 2:01:36,Alimosho General Hospital,Others,Dialysis and Dental building,Currently Available,Non-Medical,Cooling,,,Fan,,Non-Critical,1,135,Watts,,Good ,10,"Morining (6 am - 9 am) , Morining (9 am - 12 pm) , Afternoon (12 pm - 3 pm) , Afternoon (3 pm -  6 pm) , Evening (6 pm - 9 pm)",
8/19/2025 2:05:48,Alimosho General Hospital,Others,Dialysis and Dental building,Currently Available,Non-Medical,Cooling,,,Fan,,Non-Critical,2,150,Watts,,Good ,10,"Morining (6 am - 9 am) , Morining (9 am - 12 pm) , Afternoon (12 pm - 3 pm) , Afternoon (3 pm -  6 pm) , Evening (6 pm - 9 pm)",
8/19/2025 2:08:22,Alimosho General Hospital,Others,Dialysis and Dental building,Currently Available,Non-Medical,Cooling,,,Others,Water Dispenser,Non-Critical,1,500,Watts,,Good ,5,"Morining (9 am - 12 pm) , Afternoon (12 pm - 3 pm) , Afternoon (3 pm -  6 pm)",Appliance Audit_Images/08-19-2025 02-08-22.Take an image of the equipment if accessible.011043.jpg
8/19/2025 2:10:45,Alimosho General Hospital,Others,Dialysis and Dental building,Currently Available,Non-Medical,Heating,,,Others,Microwave,Non-Critical,1,1500,Watts,,Good ,1,,Appliance Audit_Images/08-19-2025 02-10-45.Take an image of the equipment if accessible.011253.jpg
8/19/2025 2:12:53,Alimosho General Hospital,Others,Dialysis and Dental building,Currently Available,Non-Medical,Others,,,Others,Pumping machine,Critical,2,1.5,Horsepower,,Good ,6,,Appliance Audit_Images/08-19-2025 02-12-53.Take an image of the equipment if accessible.012326.jpg
8/19/2025 2:14:54,Alimosho General Hospital,Others,Dialysis and Dental building,Currently Available,Medical,Others,Others,Water treatment machine,,,Critical,3,746,Watts,,Good ,15,"Morning (3 am- 6 am) , Morining (6 am - 9 am) , Morining (9 am - 12 pm) , Afternoon (12 pm - 3 pm) , Afternoon (3 pm -  6 pm) , Evening (6 pm - 9 pm) , Night (9 pm - 12 am)",Appliance Audit_Images/08-19-2025 02-14-54.Take an image of the equipment if accessible.012440.jpg
8/19/2025 2:18:04,Alimosho General Hospital,Others,Dialysis and Dental building,Currently Available,Medical,Others,Others,Water treatment machine,,,Critical,1,1.5,Horsepower,,Good ,15,"Morining (6 am - 9 am) , Morining (9 am - 12 pm) , Afternoon (12 pm - 3 pm) , Afternoon (3 pm -  6 pm) , Evening (6 pm - 9 pm)",Appliance Audit_Images/08-19-2025 02-18-04.Take an image of the equipment if accessible.012454.jpg
8/19/2025 2:28:07,Alimosho General Hospital,Others,Dialysis and Dental building,Currently Available,Non-Medical,Others,,,Television,,Non-Critical,3,100,Watts,,Good ,5,"Morining (9 am - 12 pm) , Afternoon (12 pm - 3 pm) , Afternoon (3 pm -  6 pm)",Appliance Audit_Images/08-19-2025 02-28-07.Take an image of the equipment if accessible.013135.jpg
8/19/2025 2:31:44,Alimosho General Hospital,Others,Dialysis and Dental building,Currently Available,Non-Medical,Cooling,,,Freezer/Fridge,,Non-Critical,2,800,Watts,,Good ,8,,Appliance Audit_Images/08-19-2025 02-31-44.Take an image of the equipment if accessible.013338.jpg
8/19/2025 2:33:48,Alimosho General Hospital,Others,Dialysis and Dental building,Currently Available,Non-Medical,Others,,,Others,Desktop computer,Critical,8,60,Watts,,Good ,8,"Morining (9 am - 12 pm) , Afternoon (12 pm - 3 pm) , Afternoon (3 pm -  6 pm)",
8/18/2025 22:57:45,Ifako Agege General Hospital,Dentistry (including sub-specialties),,Currently Available,Non-Medical,Others,,,Others,X-ray dental machine,Critical,1,9000,Watts,,Good ,6,"Morining (9 am - 12 pm) , Afternoon (12 pm - 3 pm)",
8/19/2025 4:41:26,Ifako Agege General Hospital,Dentistry (including sub-specialties),,Currently Available,Non-Medical,Others,,,Others,Compressor,Critical,2,550,Watts,,Good ,6,"Afternoon (12 pm - 3 pm) , Afternoon (3 pm -  6 pm)",
8/19/2025 4:43:49,Ifako Agege General Hospital,Dentistry (including sub-specialties),,Currently Available,Non-Medical,Others,,,Others,Ultrasonic scanner,Critical,1,10,Watts,,Good ,3,Morining (9 am - 12 pm),
8/19/2025 4:45:23,Ifako Agege General Hospital,Dentistry (including sub-specialties),,Currently Available,Non-Medical,Others,,,Others,Dental chair,Non-Critical,4,700,Watts,,Good ,3,Morining (9 am - 12 pm),
8/19/2025 4:47:23,Ifako Agege General Hospital,Dentistry (including sub-specialties),,Currently Available,Non-Medical,Others,,,Laptop,,Non-Critical,1,65,Watts,,Good ,6,"Morining (9 am - 12 pm) , Afternoon (12 pm - 3 pm)",
8/19/2025 4:59:05,Ifako Agege General Hospital,Others,Service charter building,Currently Available,Non-Medical,LIghtening,,,Light bulb,,Critical,6,80,Watts,,Good ,6,"Morining (9 am - 12 pm) , Afternoon (12 pm - 3 pm)",
8/19/2025 5:01:42,Ifako Agege General Hospital,Others,Service charter building,Currently Available,Non-Medical,LIghtening,,,Light bulb,,Critical,5,24,Watts,,Good ,6,"Morining (9 am - 12 pm) , Afternoon (12 pm - 3 pm)",
8/19/2025 5:03:51,Ifako Agege General Hospital,Others,Service charter building,Currently Available,Non-Medical,Cooling,,,Fan,,Non-Critical,11,135,Watts,,Good ,4,"Morining (9 am - 12 pm) , Afternoon (12 pm - 3 pm)",
8/19/2025 5:05:44,Ifako Agege General Hospital,Others,Service charter building,Currently Available,Non-Medical,Cooling,,,Others,Airconditional,Critical,2,1200,Watts,,Good ,3,Afternoon (12 pm - 3 pm),
8/19/2025 5:07:55,Ifako Agege General Hospital,Others,Service charter building,Currently Available,Non-Medical,LIghtening,,,Light bulb,,Non-Critical,1,18,Watts,,Good ,6,"Morining (9 am - 12 pm) , Afternoon (12 pm - 3 pm)",
8/19/2025 5:09:26,Ifako Agege General Hospital,Others,Service charter building,Currently Available,Non-Medical,Others,,,Television,,Non-Critical,1,50,Watts,,Good ,3,Morining (9 am - 12 pm),
8/19/2025 5:10:36,Ifako Agege General Hospital,Others,Ante natal building,Currently Available,Non-Medical,LIghtening,,,Light bulb,,Critical,9,80,Watts,,Good ,4,Afternoon (12 pm - 3 pm),
8/19/2025 5:12:37,Ifako Agege General Hospital,Others,Ante natal building,Currently Available,Non-Medical,LIghtening,,,Light bulb,,Critical,1,18,Watts,,Good ,4,Evening (6 pm - 9 pm),
8/19/2025 5:14:13,Ifako Agege General Hospital,Others,Ante natal building,Currently Available,Non-Medical,Cooling,,,Others,Airconditional,Critical,2,1200,Watts,,Good ,4,Afternoon (12 pm - 3 pm),
8/19/2025 5:15:28,Ifako Agege General Hospital,Others,Ante natal building,Currently Available,Non-Medical,Others,,,Television,,Non-Critical,1,50,Watts,,Good ,3,Morining (9 am - 12 pm),
8/19/2025 5:17:10,Ifako Agege General Hospital,Others,Toilet building,Currently Available,Non-Medical,LIghtening,,,Light bulb,,Non-Critical,6,18,Watts,,Good ,12,"Morning (12 am- 3 am) , Morning (3 am- 6 am) , Evening (6 pm - 9 pm) , Night (9 pm - 12 am)",
8/19/2025 5:18:44,Ifako Agege General Hospital,Others,Toilet building,Currently Available,Non-Medical,LIghtening,,,Light bulb,,Non-Critical,4,40,Watts,,Good ,4,"Evening (6 pm - 9 pm) , Night (9 pm - 12 am)",
8/19/2025 5:20:03,Ifako Agege General Hospital,Others,Toilet building,Currently Available,Non-Medical,LIghtening,,,Light bulb,,Non-Critical,4,30,Watts,,Good ,8,"Afternoon (3 pm -  6 pm) , Evening (6 pm - 9 pm)",
8/19/2025 5:21:57,Ifako Agege General Hospital,Others,Toilet building,Currently Available,Non-Medical,Cooling,,,Others,Airconditional,Non-Critical,1,1200,Watts,,Good ,4,Afternoon (3 pm -  6 pm),
8/19/2025 5:23:02,Ifako Agege General Hospital,Others,Toilet building,Currently Available,Non-Medical,Heating,,,Others,Electric cooker,Non-Critical,1,1000,Watts,,Good ,3,Afternoon (12 pm - 3 pm),
8/19/2025 5:24:37,Ifako Agege General Hospital,Others,Oxygen room,Currently Available,Non-Medical,LIghtening,,,Light bulb,,Non-Critical,4,40,Watts,,Good ,12,"Morning (12 am- 3 am) , Morning (3 am- 6 am) , Evening (6 pm - 9 pm) , Night (9 pm - 12 am)",
8/19/2025 5:26:29,Ifako Agege General Hospital,Others,Triage and oxygen building,Currently Available,Non-Medical,LIghtening,,,Light bulb,,Critical,4,80,Watts,,Good ,8,"Morining (9 am - 12 pm) , Afternoon (12 pm - 3 pm) , Afternoon (3 pm -  6 pm)",
8/19/2025 5:28:33,Ifako Agege General Hospital,Others,Triage and oxygen building,Currently Available,Non-Medical,LIghtening,,,Light bulb,,Critical,4,30,Watts,,Good ,9,"Morining (9 am - 12 pm) , Afternoon (12 pm - 3 pm) , Afternoon (3 pm -  6 pm)",
8/19/2025 5:30:23,Ifako Agege General Hospital,Others,Triage and oxygen building,Currently Available,Non-Medical,LIghtening,,,Light bulb,,Non-Critical,7,18,Watts,,Good ,12,"Morning (12 am- 3 am) , Morning (3 am- 6 am) , Evening (6 pm - 9 pm) , Night (9 pm - 12 am)",
8/19/2025 5:32:52,Ifako Agege General Hospital,Others,Triage and oxygen building,Currently Available,Non-Medical,Cooling,,,Others,Airconditional,Non-Critical,3,1200,Watts,,Good ,4,Afternoon (12 pm - 3 pm),
8/19/2025 5:34:17,Ifako Agege General Hospital,Others,Triage and oxygen building,Currently Available,Non-Medical,Cooling,,,Fan,,Non-Critical,3,135,Watts,,Good ,4,Afternoon (12 pm - 3 pm),
8/19/2025 5:35:32,Ifako Agege General Hospital,Others,Triage and oxygen building,Currently Available,Non-Medical,Others,,,Television,,Non-Critical,1,60,Watts,,Good ,4,Afternoon (12 pm - 3 pm),
8/19/2025 5:36:59,Ifako Agege General Hospital,Others,Triage and oxygen building,Currently Available,Non-Medical,Others,,,Laptop,,Critical,1,65,Watts,,Good ,6,"Morining (9 am - 12 pm) , Afternoon (12 pm - 3 pm)",
8/19/2025 5:38:40,Ifako Agege General Hospital,Others,Triage and oxygen building,Currently Available,Non-Medical,Others,,,Others,Water dispenser,Non-Critical,1,70,Watts,,Good ,4,Afternoon (12 pm - 3 pm),
8/19/2025 5:39:48,Ifako Agege General Hospital,Others,Mini mart building,Currently Available,Non-Medical,LIghtening,,,Light bulb,,Critical,3,80,Watts,,Good ,6,"Morining (9 am - 12 pm) , Afternoon (12 pm - 3 pm)",
8/19/2025 5:41:06,Ifako Agege General Hospital,Others,Mini mart building,Currently Available,Non-Medical,Cooling,,,Others,Airconditional,Non-Critical,2,1200,Watts,,Good ,6,"Morining (9 am - 12 pm) , Afternoon (12 pm - 3 pm)",
8/19/2025 5:42:34,Ifako Agege General Hospital,Others,Mini mart building,Currently Available,Non-Medical,Others,,,Others,Photocopy machine,Non-Critical,1,1200,Watts,,Good ,3,Afternoon (12 pm - 3 pm),
8/19/2025 5:43:53,Ifako Agege General Hospital,Others,Mini mart building,Currently Available,Non-Medical,Cooling,,,Others,Chiller,Critical,3,1200,Watts,,Good ,6,"Morining (9 am - 12 pm) , Afternoon (12 pm - 3 pm)",
8/19/2025 5:45:48,Ifako Agege General Hospital,Others,Mini mart building,Currently Available,Non-Medical,Others,,,Laptop,,Non-Critical,1,65,Watts,,Good ,6,"Morining (9 am - 12 pm) , Afternoon (12 pm - 3 pm)",
8/19/2025 5:46:46,Ifako Agege General Hospital,Others,Mini mart building,Currently Available,Non-Medical,Others,,,Others,Stabilizer,Critical,1,5000,Watts,,Good ,6,"Morining (9 am - 12 pm) , Afternoon (12 pm - 3 pm)",
8/19/2025 6:18:37,Ifako Agege General Hospital,Others,NEO NATAL building,Currently Available,Non-Medical,LIghtening,,,Light bulb,,Critical,40,12,Watts,,Good ,12,"Morning (12 am- 3 am) , Morning (3 am- 6 am) , Evening (6 pm - 9 pm) , Night (9 pm - 12 am)",
8/19/2025 6:21:46,Ifako Agege General Hospital,Others,NEO NATAL building,Currently Available,Non-Medical,LIghtening,,,Light bulb,,Critical,20,18,Watts,,Good ,12,"Morning (12 am- 3 am) , Morning (3 am- 6 am) , Evening (6 pm - 9 pm) , Night (9 pm - 12 am)",
8/19/2025 6:23:14,Ifako Agege General Hospital,Others,NEO NATAL building,Currently Available,Non-Medical,Cooling,,,Fan,,Non-Critical,6,150,Watts,,Good ,6,"Afternoon (12 pm - 3 pm) , Afternoon (3 pm -  6 pm)",
8/19/2025 6:25:09,Ifako Agege General Hospital,Others,NEO NATAL building,Currently Available,Non-Medical,Cooling,,,Freezer/Fridge,,Non-Critical,3,125,Watts,,Good ,6,"Morining (9 am - 12 pm) , Afternoon (12 pm - 3 pm)",
8/19/2025 6:27:31,Ifako Agege General Hospital,Others,NEO NATAL building,Currently Available,Non-Medical,Others,,,Others,Airconditional,Non-Critical,10,1200,Watts,,Good ,4,"Afternoon (12 pm - 3 pm) , Afternoon (3 pm -  6 pm)",
8/19/2025 6:29:14,Ifako Agege General Hospital,Others,NEO NATAL building,Currently Available,Non-Medical,Others,,,Television,,Non-Critical,2,28,Watts,,Good ,4,Afternoon (12 pm - 3 pm),
8/19/2025 6:30:40,Ifako Agege General Hospital,Others,NEO NATAL building,Currently Available,Non-Medical,Heating,,,Others,Microwave,Non-Critical,3,1050,Watts,,Good ,2,Morining (6 am - 9 am),
8/19/2025 6:32:04,Ifako Agege General Hospital,Others,NEO NATAL building,Currently Available,Non-Medical,Others,,,Others,Desktop,Non-Critical,2,300,Watts,,Good ,6,"Morining (9 am - 12 pm) , Afternoon (12 pm - 3 pm)",
8/19/2025 6:33:22,Ifako Agege General Hospital,Others,NEO NATAL building,Currently Available,Medical,Others,Incubator,,,,Critical,8,700,Watts,,Good ,6,"Morining (6 am - 9 am) , Morining (9 am - 12 pm)",
8/19/2025 6:35:10,Ifako Agege General Hospital,Others,NEO NATAL building,Currently Available,Medical,Others,Others,Radiant warmer,,,Critical,4,1000,Watts,,Good ,6,"Morining (9 am - 12 pm) , Afternoon (12 pm - 3 pm)",
8/19/2025 6:38:09,Ifako Agege General Hospital,Others,NEO NATAL building,Currently Available,Medical,Others,Oxygen Machine / Oxygen concentrator,,,,Critical,8,800,Watts,,Good ,6,"Morining (9 am - 12 pm) , Afternoon (12 pm - 3 pm)",
8/19/2025 6:39:48,Ifako Agege General Hospital,Others,NEO NATAL building,Currently Available,Medical,Others,Suction Machine,,,,Critical,4,250,Watts,,Good ,6,"Afternoon (12 pm - 3 pm) , Afternoon (3 pm -  6 pm)",
8/19/2025 6:42:56,Ifako Agege General Hospital,Others,NEO NATAL building,Currently Available,Medical,Others,Others,CPAP machine,,,Critical,3,50,Watts,,Good ,6,"Morining (9 am - 12 pm) , Afternoon (12 pm - 3 pm)",
8/19/2025 6:44:50,Ifako Agege General Hospital,Others,NEO NATAL building,Currently Available,Medical,Others,Others,Hand dryer,,,Non-Critical,3,2000,Watts,,Good ,6,"Afternoon (12 pm - 3 pm) , Afternoon (3 pm -  6 pm)",
8/19/2025 6:46:39,Ifako Agege General Hospital,Others,NEO NATAL building,Currently Available,Medical,LIghtening,Others,Phototherapy light,,,Critical,10,40,Watts,,Good ,8,"Morining (6 am - 9 am) , Morining (9 am - 12 pm) , Afternoon (12 pm - 3 pm)",
8/19/2025 6:49:34,Ifako Agege General Hospital,Others,NEO NATAL building,Currently Available,Medical,LIghtening,Others,Phototherapy light,,,Critical,1,150,Watts,,Good ,6,"Morining (9 am - 12 pm) , Afternoon (12 pm - 3 pm)",
8/19/2025 6:51:34,Ifako Agege General Hospital,Others,NEO NATAL building,Currently Available,Medical,Others,Others,Patient Monitor,,,Critical,1,360,Watts,,Good ,6,"Morining (9 am - 12 pm) , Afternoon (12 pm - 3 pm)",
8/19/2025 6:53:06,Ifako Agege General Hospital,Others,NEO NATAL building,Currently Available,Non-Medical,Others,,,Others,Stabilizer,Non-Critical,6,2000,Watts,,Good ,9,"Morining (9 am - 12 pm) , Afternoon (12 pm - 3 pm) , Afternoon (3 pm -  6 pm)",
8/19/2025 6:54:54,Ifako Agege General Hospital,Others,NEO NATAL building,Currently Available,Non-Medical,Others,,,Others,UPS,Critical,5,250,Watts,,Good ,6,"Morining (9 am - 12 pm) , Afternoon (12 pm - 3 pm)",
8/19/2025 6:56:29,Ifako Agege General Hospital,Others,NEO NATAL building,Currently Available,Non-Medical,Others,,,Others,UPS,Critical,1,2000,Watts,,Good ,6,"Afternoon (12 pm - 3 pm) , Afternoon (3 pm -  6 pm)",
8/19/2025 7:33:33,Alimosho General Hospital,Others,Dialysis and Dental building,Currently Available,Non-Medical,Others,,,Others,Hand drier,Non-Critical,1,1800,Watts,,Good ,,,Appliance Audit_Images/08-19-2025 07-33-33.Take an image of the equipment if accessible.063706.jpg
8/19/2025 7:39:02,Alimosho General Hospital,Others,Dialysis and Dental building,Currently Available,Medical,Others,Others,Dialysis machine,,,Critical,4,1800,Watts,,Good ,20,,Appliance Audit_Images/08-19-2025 07-39-02.Take an image of the equipment if accessible.064102.jpg
8/19/2025 7:41:25,Alimosho General Hospital,Others,Dialysis and Dental building,Currently Available,Medical,Others,Autoclave Sterilizer,,,,Critical,3,950,Watts,,Good ,6,"Morining (9 am - 12 pm) , Afternoon (12 pm - 3 pm) , Afternoon (3 pm -  6 pm)",Appliance Audit_Images/08-19-2025 07-41-25.Take an image of the equipment if accessible.065451.jpg
8/19/2025 7:55:20,Alimosho General Hospital,Others,Dialysis and Dental building,Currently Available,Non-Medical,Heating,,,Others,Electric kettle,Non-Critical,1,750,Watts,,Good ,2,,Appliance Audit_Images/08-19-2025 07-55-20.Take an image of the equipment if accessible.065714.jpg
8/19/2025 7:57:23,Alimosho General Hospital,Others,Dialysis and Dental building,Currently Available,Medical,Others,Others,Polishing lathe,,,Critical,1,550,Watts,,Good ,3,,
8/19/2025 8:03:20,Alimosho General Hospital,Others,Dialysis and Dental building,Currently Available,Medical,Others,Others,Thermoplastic former,,,Critical,1,800,Watts,,Good ,5,,Appliance Audit_Images/08-19-2025 08-03-20.Take an image of the equipment if accessible.070659.jpg
8/19/2025 8:08:12,Alimosho General Hospital,Others,Dialysis and Dental building,Currently Available,Medical,Others,Others,Model Trimmer,,,Non-Critical,1,450,Watts,,Good ,,,Appliance Audit_Images/08-19-2025 08-08-12.Take an image of the equipment if accessible.070947.jpg
8/19/2025 8:09:47,Alimosho General Hospital,Others,Dialysis and Dental building,Currently Available,Medical,Others,Scale,,Others,Weighing scale,Non-Critical,1,10,Watts,,Good ,,"Morining (9 am - 12 pm) , Afternoon (12 pm - 3 pm) , Afternoon (3 pm -  6 pm)",Appliance Audit_Images/08-19-2025 08-09-47.Take an image of the equipment if accessible.071156.jpg
8/19/2025 8:12:08,Alimosho General Hospital,Others,Dialysis and Dental building,Currently Available,Medical,Others,GDP X-Ray 38kva,,,,Critical,4,38,KVA,,Good ,9,"Morining (9 am - 12 pm) , Afternoon (12 pm - 3 pm) , Afternoon (3 pm -  6 pm)",
8/19/2025 8:18:20,Alimosho General Hospital,Others,Dialysis and Dental building,Currently Available,Medical,Others,Others,Dental bench,,,Critical,5,150,Watts,,Good ,10,"Morining (9 am - 12 pm) , Afternoon (12 pm - 3 pm) , Afternoon (3 pm -  6 pm)",Appliance Audit_Images/08-19-2025 08-18-20.Take an image of the equipment if accessible.072109.jpg
8/19/2025 8:21:35,Alimosho General Hospital,Others,Dialysis and Dental building,Currently Available,Medical,Others,Others,Wax pot,,,Critical,1,100,Watts,,Good ,,"Morining (9 am - 12 pm) , Afternoon (12 pm - 3 pm) , Afternoon (3 pm -  6 pm)",
8/19/2025 8:23:10,Alimosho General Hospital,Others,Dialysis and Dental building,Currently Available,Non-Medical,Others,,,Others,Inverter,Non-Critical,1,7,KVA,,Good ,,,
8/19/2025 9:21:04,Alimosho General Hospital,Others,Departmental Offices,Currently Available,Non-Medical,LIghtening,,,Light bulb,,Critical,9,50,Watts,,Good ,10,"Morining (9 am - 12 pm) , Afternoon (12 pm - 3 pm) , Afternoon (3 pm -  6 pm) , Evening (6 pm - 9 pm)",
8/19/2025 9:26:41,Alimosho General Hospital,Others,Departmental Offices,Currently Available,Non-Medical,Others,,,Light bulb,,Critical,27,24,Watts,,Good ,10,"Morining (9 am - 12 pm) , Afternoon (12 pm - 3 pm) , Afternoon (3 pm -  6 pm) , Evening (6 pm - 9 pm)",
8/19/2025 9:29:56,Alimosho General Hospital,Others,Departmental Offices,Currently Available,Non-Medical,LIghtening,,,Light bulb,,Non-Critical,11,18,Watts,,Good ,,,
8/19/2025 9:31:07,Alimosho General Hospital,Others,Departmental Offices,Currently Available,Non-Medical,Cooling,,,Freezer/Fridge,,Non-Critical,10,800,Watts,,Good ,5,"Morining (9 am - 12 pm) , Afternoon (12 pm - 3 pm) , Afternoon (3 pm -  6 pm)",Appliance Audit_Images/08-19-2025 09-31-07.Take an image of the equipment if accessible.083323.jpg
8/19/2025 9:33:25,Alimosho General Hospital,Others,Departmental Offices,Currently Available,Non-Medical,Cooling,,,Fan,,Non-Critical,5,150,Watts,,Good ,5,"Morining (9 am - 12 pm) , Afternoon (12 pm - 3 pm) , Afternoon (3 pm -  6 pm)",Appliance Audit_Images/08-19-2025 09-33-25.Take an image of the equipment if accessible.083548.jpg
8/19/2025 9:35:57,Alimosho General Hospital,Others,Departmental Offices,Currently Available,Non-Medical,Cooling,,,Others,Air conditioner,Critical,14,1,Horsepower,,Good ,8,"Morining (9 am - 12 pm) , Afternoon (12 pm - 3 pm) , Afternoon (3 pm -  6 pm) , Evening (6 pm - 9 pm)",Appliance Audit_Images/08-19-2025 09-35-57.Take an image of the equipment if accessible.083920.jpg
8/19/2025 9:39:53,Alimosho General Hospital,Others,Departmental Offices,Currently Available,Non-Medical,Cooling,,,Others,Air conditioner,Non-Critical,1,1.5,Horsepower,,Good ,5,"Morining (9 am - 12 pm) , Afternoon (12 pm - 3 pm) , Afternoon (3 pm -  6 pm)",
8/19/2025 9:41:12,Alimosho General Hospital,Others,Departmental Offices,Currently Available,Non-Medical,Others,,,Others,Printer,Critical,7,140,Watts,,Good ,6,"Morining (9 am - 12 pm) , Afternoon (12 pm - 3 pm) , Afternoon (3 pm -  6 pm)",Appliance Audit_Images/08-19-2025 09-41-12.Take an image of the equipment if accessible.084403.jpg
8/19/2025 9:44:11,Alimosho General Hospital,Others,Departmental Offices,Currently Available,Non-Medical,Others,,,Television,,Non-Critical,11,100,Watts,,Good ,5,"Morining (9 am - 12 pm) , Afternoon (12 pm - 3 pm) , Afternoon (3 pm -  6 pm)",Appliance Audit_Images/08-19-2025 09-44-11.Take an image of the equipment if accessible.084552.jpg
8/19/2025 9:46:09,Alimosho General Hospital,Others,Departmental Offices,Currently Available,Non-Medical,Others,,,Others,Desktop computer,Critical,9,60,Watts,,Good ,8,"Morining (6 am - 9 am) , Morining (9 am - 12 pm) , Afternoon (12 pm - 3 pm) , Afternoon (3 pm -  6 pm)",Appliance Audit_Images/08-19-2025 09-46-09.Take an image of the equipment if accessible.084747.jpg
8/19/2025 9:47:46,Alimosho General Hospital,Others,Electric cooker,Currently Available,Non-Medical,Others,,,Others,Electric cooker,Non-Critical,1,300,Watts,,Good ,2,"Morining (9 am - 12 pm) , Afternoon (12 pm - 3 pm) , Afternoon (3 pm -  6 pm)",
8/19/2025 10:02:01,Apapa General Hospital,Engineering; Procurement; Store; Catering; Security; Domestic; Transport; Laundry; Tailoring,,Currently Available,Non-Medical,LIghtening,,,Light bulb,,Non-Critical,22,10,Watts,,Good ,6,"Morning (12 am- 3 am) , Morning (3 am- 6 am) , Morining (6 am - 9 am) , Morining (9 am - 12 pm) , Evening (6 pm - 9 pm) , Night (9 pm - 12 am)",Appliance Audit_Images/08-19-2025 10-02-01.Take an image of the equipment if accessible.090711.jpg
8/19/2025 10:07:10,Apapa General Hospital,Engineering; Procurement; Store; Catering; Security; Domestic; Transport; Laundry; Tailoring,,Currently Available,Non-Medical,Cooling,,,Fan,,Non-Critical,6,80,Watts,,Good ,6,"Morning (12 am- 3 am) , Morning (3 am- 6 am) , Morining (6 am - 9 am) , Morining (9 am - 12 pm) , Afternoon (3 pm -  6 pm) , Evening (6 pm - 9 pm)",Appliance Audit_Images/08-19-2025 10-07-10.Take an image of the equipment if accessible.091525.jpg
8/19/2025 10:15:21,Apapa General Hospital,Engineering; Procurement; Store; Catering; Security; Domestic; Transport; Laundry; Tailoring,,Currently Available,Non-Medical,Cooling,,,Others,Ac,Non-Critical,2,2,Horsepower,,Good ,4,"Morining (9 am - 12 pm) , Afternoon (3 pm -  6 pm)",Appliance Audit_Images/08-19-2025 10-15-21.Take an image of the equipment if accessible.092353.jpg
8/19/2025 10:26:03,Apapa General Hospital,Engineering; Procurement; Store; Catering; Security; Domestic; Transport; Laundry; Tailoring,,Currently Available,Non-Medical,Others,,,Television,,Non-Critical,2,42,Others,43 and 32 inches,Good ,6,"Afternoon (12 pm - 3 pm) , Afternoon (3 pm -  6 pm)",
8/19/2025 10:28:49,Apapa General Hospital,Engineering; Procurement; Store; Catering; Security; Domestic; Transport; Laundry; Tailoring,,Currently Available,Non-Medical,Cooling,,,Freezer/Fridge,,Non-Critical,2,500,Watts,,Good ,24,"Morning (12 am- 3 am) , Morning (3 am- 6 am) , Morining (6 am - 9 am) , Morining (9 am - 12 pm) , Afternoon (12 pm - 3 pm) , Afternoon (3 pm -  6 pm) , Evening (6 pm - 9 pm) , Night (9 pm - 12 am)",Appliance Audit_Images/08-19-2025 10-28-49.Take an image of the equipment if accessible.093018.jpg
8/19/2025 11:05:07,Apapa General Hospital,Administration Department,,Currently Available,Non-Medical,LIghtening,,,Light bulb,,Non-Critical,6,5,Watts,,Bad - Not Working,1,"Morning (12 am- 3 am) , Morning (3 am- 6 am) , Morining (6 am - 9 am) , Morining (9 am - 12 pm) , Afternoon (12 pm - 3 pm) , Afternoon (3 pm -  6 pm) , Evening (6 pm - 9 pm) , Night (9 pm - 12 am)",Appliance Audit_Images/08-19-2025 11-05-07.Take an image of the equipment if accessible.100651.jpg
8/19/2025 11:06:47,Apapa General Hospital,Administration Department,,Currently Available,Non-Medical,LIghtening,,,Light bulb,,Non-Critical,2,25,Watts,,Good ,10,"Morining (9 am - 12 pm) , Afternoon (12 pm - 3 pm) , Afternoon (3 pm -  6 pm)",Appliance Audit_Images/08-19-2025 11-06-47.Take an image of the equipment if accessible.101407.jpg
8/19/2025 11:09:54,Apapa General Hospital,Administration Department,,Currently Available,Non-Medical,LIghtening,,,Light bulb,,Non-Critical,2,15,Watts,,Good ,10,"Morining (9 am - 12 pm) , Afternoon (12 pm - 3 pm) , Afternoon (3 pm -  6 pm)",Appliance Audit_Images/08-19-2025 11-09-54.Take an image of the equipment if accessible.103644.jpg
8/19/2025 11:10:53,Apapa General Hospital,Administration Department,,Currently Available,Non-Medical,Cooling,,,Fan,,Non-Critical,2,135,Watts,,Good ,6,"Afternoon (12 pm - 3 pm) , Afternoon (3 pm -  6 pm)",Appliance Audit_Images/08-19-2025 11-10-53.Take an image of the equipment if accessible.103700.jpg
8/19/2025 11:13:15,Apapa General Hospital,Administration Department,,Currently Available,Non-Medical,Cooling,,,Fan,,Non-Critical,1,60,Watts,,Good ,10,"Morining (9 am - 12 pm) , Afternoon (12 pm - 3 pm) , Afternoon (3 pm -  6 pm)",Appliance Audit_Images/08-19-2025 11-13-15.Take an image of the equipment if accessible.103718.jpg
8/19/2025 11:14:48,Apapa General Hospital,Administration Department,,Currently Available,Non-Medical,Others,,,Others,Printer,Non-Critical,1,3.4,Others,3.4amps,Good ,2,Afternoon (12 pm - 3 pm),Appliance Audit_Images/08-19-2025 11-14-48.Take an image of the equipment if accessible.103736.jpg
8/19/2025 11:17:23,Apapa General Hospital,Administration Department,,Currently Available,Non-Medical,Others,,,Laptop,,Non-Critical,2,3.3,Others,3.3amps,Good ,3,Afternoon (12 pm - 3 pm),Appliance Audit_Images/08-19-2025 11-17-23.Take an image of the equipment if accessible.103804.jpg
8/19/2025 11:19:25,Apapa General Hospital,Administration Department,,Currently Available,Non-Medical,Others,,,Others,UPS,Non-Critical,1,4,Others,4amps,Good ,10,"Morining (9 am - 12 pm) , Afternoon (12 pm - 3 pm) , Afternoon (3 pm -  6 pm)",Appliance Audit_Images/08-19-2025 11-19-25.Take an image of the equipment if accessible.103819.jpg
8/19/2025 11:20:58,Apapa General Hospital,Administration Department,,Currently Available,Non-Medical,Others,,,Others,Light points for 1st floor corridor,Non-Critical,6,25,Watts,,Good ,24,"Morning (12 am- 3 am) , Morning (3 am- 6 am) , Morining (6 am - 9 am) , Morining (9 am - 12 pm) , Afternoon (12 pm - 3 pm) , Afternoon (3 pm -  6 pm) , Evening (6 pm - 9 pm) , Night (9 pm - 12 am)",Appliance Audit_Images/08-19-2025 11-20-58.Take an image of the equipment if accessible.103852.jpg
8/19/2025 11:25:34,Apapa General Hospital,Administration Department,,Currently Available,Non-Medical,LIghtening,,,Others,Light points for 1st floor corridor,Non-Critical,7,50,Watts,,Good ,24,"Morning (12 am- 3 am) , Morning (3 am- 6 am) , Morining (6 am - 9 am) , Morining (9 am - 12 pm) , Afternoon (12 pm - 3 pm) , Afternoon (3 pm -  6 pm) , Evening (6 pm - 9 pm) , Night (9 pm - 12 am)",Appliance Audit_Images/08-19-2025 11-25-34.Take an image of the equipment if accessible.103917.jpg
8/19/2025 11:27:09,Apapa General Hospital,Others,Apex,Currently Available,Non-Medical,LIghtening,,,Light bulb,,Non-Critical,2,25,Watts,,Good ,10,"Morining (9 am - 12 pm) , Afternoon (12 pm - 3 pm) , Afternoon (3 pm -  6 pm)",Appliance Audit_Images/08-19-2025 11-27-09.Take an image of the equipment if accessible.103933.jpg
8/19/2025 11:32:00,Apapa General Hospital,Others,Apex,Currently Available,Non-Medical,Cooling,,,Others,Air Conditioner,Non-Critical,1,1.5,Horsepower,,Good ,6,"Morining (9 am - 12 pm) , Afternoon (12 pm - 3 pm)",Appliance Audit_Images/08-19-2025 11-32-00.Take an image of the equipment if accessible.103945.jpg
8/19/2025 11:33:06,Apapa General Hospital,Others,Apex,Currently Available,Non-Medical,Cooling,,,Fan,,Non-Critical,1,92,Watts,,Good ,5,Afternoon (3 pm -  6 pm),Appliance Audit_Images/08-19-2025 11-33-06.Take an image of the equipment if accessible.103957.jpg
8/19/2025 11:34:58,Apapa General Hospital,Others,Apex,Currently Available,Non-Medical,Cooling,,,Freezer/Fridge,,Non-Critical,1,60,Watts,,Good ,9,"Morining (9 am - 12 pm) , Afternoon (12 pm - 3 pm) , Afternoon (3 pm -  6 pm)",Appliance Audit_Images/08-19-2025 11-34-58.Take an image of the equipment if accessible.104007.jpg
8/19/2025 11:37:11,Apapa General Hospital,Others,Apex,Currently Available,Non-Medical,Others,,,Others,Printing machine,Non-Critical,1,1.8,Watts,,Good ,3,Afternoon (12 pm - 3 pm),Appliance Audit_Images/08-19-2025 11-37-11.Take an image of the equipment if accessible.104017.jpg
8/19/2025 12:23:42,Apapa General Hospital,Administration Department,,Currently Available,Non-Medical,LIghtening,,,Light bulb,,Non-Critical,2,25,Watts,,Good ,7,"Afternoon (12 pm - 3 pm) , Afternoon (3 pm -  6 pm)",Appliance Audit_Images/08-19-2025 12-23-42.Take an image of the equipment if accessible.112517.jpg
8/19/2025 12:26:48,Apapa General Hospital,Administration Department,,Currently Available,Non-Medical,Cooling,,,Fan,,Non-Critical,1,135,Watts,,Good ,3,Afternoon (12 pm - 3 pm),Appliance Audit_Images/08-19-2025 12-26-48.Take an image of the equipment if accessible.112812.jpg
8/19/2025 12:28:09,Apapa General Hospital,Administration Department,,Currently Available,Non-Medical,Cooling,,,Others,Air conditioner,Non-Critical,1,1.5,Horsepower,,Good ,3,Afternoon (12 pm - 3 pm),Appliance Audit_Images/08-19-2025 12-28-09.Take an image of the equipment if accessible.113111.jpg
8/19/2025 12:29:01,Apapa General Hospital,Administration Department,,Currently Available,Non-Medical,Others,,,Others,Printer machine,Non-Critical,1,1200,Watts,,Good ,2,Morining (9 am - 12 pm),Appliance Audit_Images/08-19-2025 12-29-01.Take an image of the equipment if accessible.113126.jpg
8/19/2025 12:30:00,Apapa General Hospital,Administration Department,,Currently Available,Non-Medical,Others,,,Others,Printer,Non-Critical,1,3.3,Others,3.3amps,Bad - Not Working,0,,Appliance Audit_Images/08-19-2025 12-30-00.Take an image of the equipment if accessible.113148.jpg
8/19/2025 12:34:31,Apapa General Hospital,Others,Generator house,Currently Available,Non-Medical,LIghtening,,,Light bulb,,Non-Critical,1,50,Watts,,Good ,24,"Morning (12 am- 3 am) , Morning (3 am- 6 am) , Morining (6 am - 9 am) , Morining (9 am - 12 pm) , Afternoon (12 pm - 3 pm) , Afternoon (3 pm -  6 pm) , Evening (6 pm - 9 pm) , Night (9 pm - 12 am)",Appliance Audit_Images/08-19-2025 12-34-31.Take an image of the equipment if accessible.113616.jpg
8/19/2025 12:36:10,Apapa General Hospital,Others,Generator house,Currently Available,Non-Medical,Others,,,Others,Pumping machine,Non-Critical,1,2,Horsepower,,Good ,3,Afternoon (12 pm - 3 pm),Appliance Audit_Images/08-19-2025 12-36-10.Take an image of the equipment if accessible.113934.jpg
8/19/2025 13:44:03,Apapa General Hospital,Accounts / Finance & Accounts,,Currently Available,Non-Medical,LIghtening,,,Light bulb,,Non-Critical,8,10,Watts,,Good ,8,"Morining (9 am - 12 pm) , Afternoon (12 pm - 3 pm) , Afternoon (3 pm -  6 pm)",Appliance Audit_Images/08-19-2025 13-44-03.Take an image of the equipment if accessible.124514.jpg
8/19/2025 13:45:21,Apapa General Hospital,Accident & Emergency,,Currently Available,Non-Medical,Cooling,,,Others,Air conditioner,Non-Critical,2,1.5,Watts,,Bad - Not Working,0,,Appliance Audit_Images/08-19-2025 13-45-21.Take an image of the equipment if accessible.124719.jpg
8/19/2025 13:47:16,Apapa General Hospital,Accounts / Finance & Accounts,,Currently Available,Non-Medical,Cooling,,,Fan,,Non-Critical,2,45,Watts,,Good ,8,"Morining (6 am - 9 am) , Morining (9 am - 12 pm) , Afternoon (12 pm - 3 pm)",Appliance Audit_Images/08-19-2025 13-47-16.Take an image of the equipment if accessible.124817.jpg
8/19/2025 13:48:15,Apapa General Hospital,Accounts / Finance & Accounts,,Currently Available,Non-Medical,Cooling,,,Fan,,Non-Critical,1,128,Watts,,Good ,8,"Morining (9 am - 12 pm) , Afternoon (12 pm - 3 pm) , Afternoon (3 pm -  6 pm)",Appliance Audit_Images/08-19-2025 13-48-15.Take an image of the equipment if accessible.124912.jpg
8/19/2025 13:49:09,Apapa General Hospital,Accounts / Finance & Accounts,,Currently Available,Non-Medical,Others,,,Others,Printer machine,Non-Critical,1,1200,Watts,,Good ,2,Afternoon (12 pm - 3 pm),Appliance Audit_Images/08-19-2025 13-49-09.Take an image of the equipment if accessible.125058.jpg
8/19/2025 13:50:54,Apapa General Hospital,Accounts / Finance & Accounts,,Currently Available,Non-Medical,Others,,,Laptop,,Non-Critical,1,2,Others,2amps,Good ,6,"Afternoon (12 pm - 3 pm) , Afternoon (3 pm -  6 pm)",Appliance Audit_Images/08-19-2025 13-50-54.Take an image of the equipment if accessible.125212.jpg
8/19/2025 13:52:10,Apapa General Hospital,Accounts / Finance & Accounts,,Currently Available,Non-Medical,Others,,,Others,Printer machine,Non-Critical,1,3.2,Others,3.2amps,Good ,4,"Afternoon (12 pm - 3 pm) , Afternoon (3 pm -  6 pm)",Appliance Audit_Images/08-19-2025 13-52-10.Take an image of the equipment if accessible.125348.jpg
8/19/2025 14:01:38,Apapa General Hospital,Engineering; Procurement; Store; Catering; Security; Domestic; Transport; Laundry; Tailoring,,Currently Available,Non-Medical,Others,,,Others,Store. Newly renovated. No wiring no appliances,Non-Critical,0,,Others,No appliances,Bad - Not Working,,,Appliance Audit_Images/08-19-2025 14-01-38.Take an image of the equipment if accessible.130322.jpg
8/19/2025 16:26:04,Apapa General Hospital,Engineering; Procurement; Store; Catering; Security; Domestic; Transport; Laundry; Tailoring,,Currently Available,Non-Medical,LIghtening,,,Light bulb,,Non-Critical,2,25,Watts,,Good ,8,"Morining (9 am - 12 pm) , Afternoon (12 pm - 3 pm) , Afternoon (3 pm -  6 pm)",Appliance Audit_Images/08-19-2025 16-26-04.Take an image of the equipment if accessible.152715.jpg
8/19/2025 16:27:07,Apapa General Hospital,Engineering; Procurement; Store; Catering; Security; Domestic; Transport; Laundry; Tailoring,,Currently Available,Non-Medical,LIghtening,,,Light bulb,,Non-Critical,2,50,Watts,,Good ,8,"Morining (9 am - 12 pm) , Afternoon (12 pm - 3 pm) , Afternoon (3 pm -  6 pm)",Appliance Audit_Images/08-19-2025 16-27-07.Take an image of the equipment if accessible.152807.jpg
8/19/2025 16:28:03,Apapa General Hospital,Engineering; Procurement; Store; Catering; Security; Domestic; Transport; Laundry; Tailoring,,Currently Available,Non-Medical,Cooling,,,Others,Air conditioner,Non-Critical,1,1.5,Horsepower,,Good ,8,"Morining (9 am - 12 pm) , Afternoon (12 pm - 3 pm) , Afternoon (3 pm -  6 pm)",Appliance Audit_Images/08-19-2025 16-28-03.Take an image of the equipment if accessible.152916.jpg
8/19/2025 16:29:12,Apapa General Hospital,Engineering; Procurement; Store; Catering; Security; Domestic; Transport; Laundry; Tailoring,,Currently Available,Non-Medical,Cooling,,,Fan,,Non-Critical,2,135,Watts,,Good ,7,"Morining (9 am - 12 pm) , Afternoon (12 pm - 3 pm) , Afternoon (3 pm -  6 pm)",Appliance Audit_Images/08-19-2025 16-29-12.Take an image of the equipment if accessible.153010.jpg
8/19/2025 16:30:07,Apapa General Hospital,Engineering; Procurement; Store; Catering; Security; Domestic; Transport; Laundry; Tailoring,,Currently Available,Non-Medical,Others,,,Freezer/Fridge,,Non-Critical,1,110,Watts,,Good ,10,"Morining (6 am - 9 am) , Morining (9 am - 12 pm) , Afternoon (12 pm - 3 pm) , Afternoon (3 pm -  6 pm)",Appliance Audit_Images/08-19-2025 16-30-07.Take an image of the equipment if accessible.153121.jpg
8/19/2025 16:31:18,Apapa General Hospital,Engineering; Procurement; Store; Catering; Security; Domestic; Transport; Laundry; Tailoring,,Currently Available,Non-Medical,Others,,,Laptop,,Non-Critical,1,33,Watts,,Good ,7,"Morining (9 am - 12 pm) , Afternoon (12 pm - 3 pm) , Afternoon (3 pm -  6 pm)",Appliance Audit_Images/08-19-2025 16-31-18.Take an image of the equipment if accessible.153212.jpg
8/19/2025 16:32:09,Apapa General Hospital,Engineering; Procurement; Store; Catering; Security; Domestic; Transport; Laundry; Tailoring,,Currently Available,Non-Medical,Others,,,Others,Printer,Non-Critical,1,1200,Watts,,Good ,2,Afternoon (12 pm - 3 pm),Appliance Audit_Images/08-19-2025 16-32-09.Take an image of the equipment if accessible.153304.jpg
8/19/2025 16:33:01,Apapa General Hospital,Engineering; Procurement; Store; Catering; Security; Domestic; Transport; Laundry; Tailoring,,Currently Available,Non-Medical,Others,,,Others,Printer,Non-Critical,1,3,Others,3amps,Good ,5,"Afternoon (12 pm - 3 pm) , Afternoon (3 pm -  6 pm)",Appliance Audit_Images/08-19-2025 16-33-01.Take an image of the equipment if accessible.153513.jpg
8/19/2025 18:16:04,Mainland General Hospital,Others,MD's Office,Currently Available,Non-Medical,Cooling,,,Others,Air Conditioner,Non-Critical,4,1119,Watts,,Good ,6,"Morining (9 am - 12 pm) , Afternoon (12 pm - 3 pm)",
8/19/2025 18:22:02,Mainland General Hospital,Others,MD's Office,Currently Available,Non-Medical,Cooling,,,Fan,,Critical,7,60,Watts,,Good ,9,"Morining (9 am - 12 pm) , Afternoon (12 pm - 3 pm) , Afternoon (3 pm -  6 pm)",
8/19/2025 18:41:33,Mainland General Hospital,Others,MD's Office,Currently Available,Non-Medical,Cooling,,,Fan,,Critical,2,138,Watts,,Good ,9,"Morining (9 am - 12 pm) , Afternoon (12 pm - 3 pm) , Afternoon (3 pm -  6 pm)",
8/19/2025 18:43:30,Alimosho General Hospital,Others,Idera Center,Currently Available,Non-Medical,LIghtening,,,Light bulb,,Critical,30,18,Watts,,Good ,,"Morning (3 am- 6 am) , Morining (6 am - 9 am) , Morining (9 am - 12 pm) , Afternoon (12 pm - 3 pm) , Afternoon (3 pm -  6 pm) , Evening (6 pm - 9 pm) , Night (9 pm - 12 am)",
8/19/2025 18:44:14,Mainland General Hospital,Others,MD's Office,Currently Available,Non-Medical,Cooling,,,Others,Air Conditioner,Non-Critical,2,1492,Watts,,Good ,9,"Morining (9 am - 12 pm) , Afternoon (12 pm - 3 pm) , Afternoon (3 pm -  6 pm)",
8/19/2025 18:45:46,Alimosho General Hospital,Others,Idera Center,Currently Available,Non-Medical,LIghtening,,,Light bulb,,Non-Critical,31,24,Watts,,Good ,,,
8/19/2025 18:47:44,Alimosho General Hospital,Others,Idera Center,Currently Available,Non-Medical,Cooling,,,Others,Air conditioner,Non-Critical,8,1.5,Horsepower,,Good ,,"Morining (9 am - 12 pm) , Afternoon (12 pm - 3 pm) , Afternoon (3 pm -  6 pm)",
8/19/2025 18:47:09,Mainland General Hospital,Others,MD's Office,Currently Available,Non-Medical,Cooling,,,Others,Air Conditioner,Non-Critical,1,2611,Watts,,Good ,9,"Morining (9 am - 12 pm) , Afternoon (12 pm - 3 pm) , Afternoon (3 pm -  6 pm)",
8/19/2025 18:57:01,Mainland General Hospital,Others,MD's Office,Currently Available,Non-Medical,LIghtening,,,Light bulb,,Critical,14,6,Watts,,Good ,9,"Morining (9 am - 12 pm) , Afternoon (12 pm - 3 pm) , Afternoon (3 pm -  6 pm)",
8/19/2025 18:59:15,Mainland General Hospital,Others,MD's Office,Currently Available,Non-Medical,LIghtening,,,Light bulb,,Critical,18,12,Watts,,Good ,9,"Morining (9 am - 12 pm) , Afternoon (12 pm - 3 pm) , Afternoon (3 pm -  6 pm)",
8/19/2025 18:58:40,Alimosho General Hospital,Others,Idera Center,Currently Available,Non-Medical,Others,,,Others,Desktop computer,Non-Critical,10,60,Watts,,Good ,8,"Morining (9 am - 12 pm) , Afternoon (12 pm - 3 pm) , Afternoon (3 pm -  6 pm)",
8/19/2025 19:00:44,Mainland General Hospital,Others,MD's Office,Currently Available,Non-Medical,LIghtening,,,Light bulb,,Critical,8,22,Watts,,Good ,9,"Morining (9 am - 12 pm) , Afternoon (12 pm - 3 pm) , Afternoon (3 pm -  6 pm)",
8/19/2025 19:01:17,Alimosho General Hospital,Others,Idera Center,Currently Available,Non-Medical,Others,,,Others,Hand dryer,Non-Critical,2,1800,Watts,,Good ,0,,
8/19/2025 19:02:03,Mainland General Hospital,Others,MD's Office,Currently Available,Non-Medical,Cooling,,,Freezer/Fridge,,Critical,8,150,Watts,,Good ,9,"Morining (9 am - 12 pm) , Afternoon (12 pm - 3 pm) , Afternoon (3 pm -  6 pm)",
8/19/2025 19:03:30,Alimosho General Hospital,Others,Idera Center,Currently Available,Non-Medical,Cooling,,,Freezer/Fridge,,Non-Critical,2,100,Watts,,Good ,,"Morining (9 am - 12 pm) , Afternoon (12 pm - 3 pm) , Afternoon (3 pm -  6 pm)",
8/19/2025 19:03:46,Mainland General Hospital,Others,MD's Office,Currently Available,Non-Medical,Others,,,Laptop,,Critical,5,60,Watts,,Good ,9,"Morining (9 am - 12 pm) , Afternoon (12 pm - 3 pm) , Afternoon (3 pm -  6 pm)",
8/19/2025 19:04:59,Alimosho General Hospital,Others,Idera Center,Currently Available,Non-Medical,Cooling,,,Fan,,Non-Critical,9,150,Watts,,Good ,10,"Morining (6 am - 9 am) , Morining (9 am - 12 pm) , Afternoon (12 pm - 3 pm) , Afternoon (3 pm -  6 pm) , Evening (6 pm - 9 pm)",
8/19/2025 19:06:30,Alimosho General Hospital,Others,Idera Center,Currently Available,Non-Medical,Heating,,,Others,Electric kettle,Non-Critical,1,1800,Watts,,Good ,,"Morining (9 am - 12 pm) , Afternoon (12 pm - 3 pm) , Afternoon (3 pm -  6 pm)",
8/19/2025 19:07:49,Alimosho General Hospital,Others,Idera Center,Currently Available,Non-Medical,Heating,,,Others,Microwave,Non-Critical,1,1500,Watts,,Good ,,"Morining (9 am - 12 pm) , Afternoon (12 pm - 3 pm) , Afternoon (3 pm -  6 pm)",
8/19/2025 19:09:17,Alimosho General Hospital,Others,Idera Center,Currently Available,Non-Medical,Others,,,Others,Printer,Non-Critical,3,1400,Watts,,Good ,,"Morining (9 am - 12 pm) , Afternoon (12 pm - 3 pm) , Afternoon (3 pm -  6 pm)",
8/19/2025 19:12:52,Alimosho General Hospital,Others,Idera Center,Currently Available,Non-Medical,Others,,,Others,Photocopier machine,Non-Critical,1,1400,Watts,,Good ,,"Morining (9 am - 12 pm) , Afternoon (12 pm - 3 pm) , Afternoon (3 pm -  6 pm)",
8/19/2025 19:14:53,Alimosho General Hospital,Others,Idera Center,Currently Available,Non-Medical,Others,,,Others,Scanner machine,Non-Critical,1,12.9,Watts,,Good ,,"Morining (6 am - 9 am) , Morining (9 am - 12 pm) , Afternoon (12 pm - 3 pm) , Afternoon (3 pm -  6 pm)",
8/19/2025 19:16:34,Alimosho General Hospital,Others,Idera Center,Currently Available,Non-Medical,Cooling,,,Others,Water dispenser,Non-Critical,1,50,Watts,,Good ,,"Morining (9 am - 12 pm) , Afternoon (12 pm - 3 pm) , Afternoon (3 pm -  6 pm)",
8/19/2025 19:18:08,Alimosho General Hospital,Others,Idera Center,Currently Available,Non-Medical,Others,,,Others,Sewing machine,Critical,2,100,Watts,,Good ,9,"Morining (9 am - 12 pm) , Afternoon (12 pm - 3 pm) , Afternoon (3 pm -  6 pm)",
8/19/2025 19:05:10,Mainland General Hospital,Others,MD's Office,Currently Available,Non-Medical,Others,,,Others,Microwave,Critical,4,1200,Watts,,Good ,9,"Morining (9 am - 12 pm) , Afternoon (12 pm - 3 pm) , Afternoon (3 pm -  6 pm)",
8/19/2025 19:06:42,Mainland General Hospital,Others,MD's Office,Currently Available,Non-Medical,Others,,,Others,Desktop Computer,Critical,4,60,Watts,,Good ,9,"Morining (9 am - 12 pm) , Afternoon (12 pm - 3 pm) , Afternoon (3 pm -  6 pm)",
8/19/2025 19:07:57,Mainland General Hospital,Others,MD's Office,Currently Available,Non-Medical,Others,,,Others,UPS,Critical,2,600,Watts,,Good ,9,"Morining (9 am - 12 pm) , Afternoon (12 pm - 3 pm) , Afternoon (3 pm -  6 pm)",
8/19/2025 19:09:26,Mainland General Hospital,Others,Printer,Currently Available,Non-Medical,Others,,,Others,Printer,Critical,5,600,Watts,,Good ,9,"Morining (9 am - 12 pm) , Afternoon (12 pm - 3 pm) , Afternoon (3 pm -  6 pm)",
8/19/2025 19:10:29,Mainland General Hospital,Others,MD's Office,Currently Available,Non-Medical,Others,,,Television,,Critical,6,150,Watts,,Good ,9,"Morining (9 am - 12 pm) , Afternoon (12 pm - 3 pm) , Afternoon (3 pm -  6 pm)",
8/19/2025 19:11:37,Mainland General Hospital,Others,MD's Office,Currently Available,Non-Medical,Others,,,Others,Gotv,Critical,4,25,Watts,,Good ,9,"Morining (9 am - 12 pm) , Afternoon (12 pm - 3 pm) , Afternoon (3 pm -  6 pm)",
8/19/2025 19:13:17,Mainland General Hospital,Others,MD's Office,Currently Available,Medical,Others,Sterilizer or Autoclave Machine,,,,Critical,1,1800,Watts,,Good ,3,Afternoon (12 pm - 3 pm),
8/19/2025 19:14:43,Mainland General Hospital,Others,MD's Office,Currently Available,Non-Medical,Others,,,Others,Water Dispenser,Non-Critical,3,505,Watts,,Good ,9,"Morining (9 am - 12 pm) , Afternoon (12 pm - 3 pm) , Afternoon (3 pm -  6 pm)",
8/19/2025 19:16:26,Mainland General Hospital,Others,MD's Office,Currently Available,Non-Medical,Heating,,,Others,Electric Kettle,Non-Critical,1,1200,Watts,,Good ,3,"Morining (9 am - 12 pm) , Afternoon (12 pm - 3 pm)",
8/19/2025 19:19:27,Mainland General Hospital,Others,MD's Office,Currently Available,Non-Medical,Others,,,Others,DVD Player,Non-Critical,1,30,Watts,,Good ,3,Afternoon (12 pm - 3 pm),
8/19/2025 19:26:14,Alimosho General Hospital,Others,Idera Center,Currently Available,Non-Medical,Others,,,Others,Sewing machine,Non-Critical,3,560,Watts,,Good ,,"Morining (9 am - 12 pm) , Afternoon (12 pm - 3 pm) , Afternoon (3 pm -  6 pm)",
8/19/2025 21:22:15,Mainland General Hospital,Others,"Engineering Office, Auditor's Office, Account Office, Laundry, Record Department",Currently Available,Non-Medical,Cooling,,,Others,Air Conditioner,Critical,14,746,Watts,,Good ,15,"Morning (12 am- 3 am) , Morining (9 am - 12 pm) , Afternoon (12 pm - 3 pm) , Afternoon (3 pm -  6 pm) , Evening (6 pm - 9 pm)",
8/19/2025 21:33:38,Mainland General Hospital,Others,"Engineering Office, Auditor's Office, Account Office, Laundry, Record Department",Currently Available,Non-Medical,LIghtening,,,Light bulb,,Critical,51,22,Watts,,Good ,24,"Morning (12 am- 3 am) , Morning (3 am- 6 am) , Morining (6 am - 9 am) , Morining (9 am - 12 pm) , Afternoon (12 pm - 3 pm) , Afternoon (3 pm -  6 pm) , Evening (6 pm - 9 pm) , Night (9 pm - 12 am)",
8/19/2025 21:36:43,Mainland General Hospital,Others,"Engineering Office, Auditor's Office, Account Office, Laundry, Record Department",Currently Available,Non-Medical,Cooling,,,Fan,,Critical,3,55,Watts,,Good ,12,"Morning (3 am- 6 am) , Morining (6 am - 9 am) , Evening (6 pm - 9 pm) , Night (9 pm - 12 am)",
8/19/2025 21:38:40,Mainland General Hospital,Others,"Engineering Office, Auditor's Office, Account Office, Laundry, Record Department",Currently Available,Non-Medical,Others,,,Television,,Non-Critical,4,150,Watts,,Good ,9,"Afternoon (3 pm -  6 pm) , Evening (6 pm - 9 pm) , Night (9 pm - 12 am)",
8/19/2025 21:40:16,Mainland General Hospital,Others,"Engineering Office, Auditor's Office, Account Office, Laundry, Record Department",Currently Available,Non-Medical,Cooling,,,Freezer/Fridge,,Critical,12,100,Watts,,Good ,24,"Morning (12 am- 3 am) , Morning (3 am- 6 am) , Morining (6 am - 9 am) , Morining (9 am - 12 pm) , Afternoon (12 pm - 3 pm) , Afternoon (3 pm -  6 pm) , Evening (6 pm - 9 pm) , Night (9 pm - 12 am)",
8/19/2025 21:42:33,Mainland General Hospital,Others,"Engineering Office, Auditor's Office, Account Office, Laundry, Record Department",Currently Available,Non-Medical,Others,,,Others,Printer,Critical,5,400,Watts,,Good ,9,"Morining (9 am - 12 pm) , Afternoon (12 pm - 3 pm) , Afternoon (3 pm -  6 pm)",
8/19/2025 21:41:12,Ifako Agege General Hospital,Others,Medical lab,Currently Available,Non-Medical,Cooling,,,Freezer/Fridge,,Critical,6,145,Watts,,Good ,12,"Morining (6 am - 9 am) , Morining (9 am - 12 pm) , Afternoon (12 pm - 3 pm)",
8/19/2025 21:44:10,Mainland General Hospital,Others,"Engineering Office, Auditor's Office, Account Office, Laundry, Record Department",Currently Available,Non-Medical,Others,,,Laptop,,Non-Critical,3,60,Watts,,Good ,9,"Morining (9 am - 12 pm) , Afternoon (12 pm - 3 pm) , Afternoon (3 pm -  6 pm)",
8/19/2025 21:46:10,Ifako Agege General Hospital,Others,Medical lab,Currently Available,Non-Medical,Cooling,,,Freezer/Fridge,,Critical,3,160,Watts,,Good ,24,"Morning (12 am- 3 am) , Morning (3 am- 6 am) , Morining (6 am - 9 am) , Morining (9 am - 12 pm) , Afternoon (12 pm - 3 pm) , Afternoon (3 pm -  6 pm) , Evening (6 pm - 9 pm) , Night (9 pm - 12 am)",
8/19/2025 21:48:56,Ifako Agege General Hospital,Others,Medical lab,Currently Available,Non-Medical,Cooling,,,Freezer/Fridge,,Critical,2,400,Watts,,Good ,24,"Morning (12 am- 3 am) , Morining (6 am - 9 am) , Morining (9 am - 12 pm) , Afternoon (12 pm - 3 pm) , Afternoon (3 pm -  6 pm) , Evening (6 pm - 9 pm) , Night (9 pm - 12 am)",
8/19/2025 21:51:26,Ifako Agege General Hospital,Others,Medical lab,Currently Available,Non-Medical,LIghtening,,,Light bulb,,Critical,19,80,Watts,,Good ,14,"Morining (9 am - 12 pm) , Afternoon (12 pm - 3 pm) , Afternoon (3 pm -  6 pm) , Evening (6 pm - 9 pm) , Night (9 pm - 12 am)",
8/19/2025 21:53:04,Ifako Agege General Hospital,Others,Medical Lab,Currently Available,Non-Medical,LIghtening,,,Light bulb,,Critical,5,18,Watts,,Good ,12,"Morining (9 am - 12 pm) , Afternoon (12 pm - 3 pm) , Afternoon (3 pm -  6 pm) , Evening (6 pm - 9 pm)",
8/19/2025 21:54:56,Ifako Agege General Hospital,Others,Medical lab,Currently Available,Non-Medical,Cooling,,,Others,Airconditional,Non-Critical,12,1200,Watts,,Good ,6,"Afternoon (12 pm - 3 pm) , Afternoon (3 pm -  6 pm)",Appliance Audit_Images/08-19-2025 21-54-56.Take an image of the equipment if accessible.205747.jpg
8/19/2025 21:57:07,Alimosho General Hospital,Others,Diagnostic center,Future plans (Hospital plans to purchase this over the next 3 years),Non-Medical,LIghtening,,,Light bulb,,Non-Critical,11,100,Watts,,,8,,
8/19/2025 21:47:25,Mainland General Hospital,Others,"Engineering Office, Auditor's Office, Account Office, Laundry, Record Department",Currently Available,Non-Medical,Others,,,Others,Desktop,Non-Critical,5,60,Watts,,Good ,9,"Morining (9 am - 12 pm) , Afternoon (12 pm - 3 pm) , Afternoon (3 pm -  6 pm)",
8/19/2025 21:59:08,Alimosho General Hospital,Others,Diagnostic center,Future plans (Hospital plans to purchase this over the next 3 years),Non-Medical,LIghtening,,,Light bulb,,Critical,27,24,Watts,,,9,,
8/19/2025 21:57:51,Ifako Agege General Hospital,Others,Medical lab,Currently Available,Medical,Others,Others,COBASS Analyzer,,,Critical,2,250,Watts,,Good ,6,"Morining (9 am - 12 pm) , Afternoon (12 pm - 3 pm)",
8/19/2025 22:00:47,Alimosho General Hospital,Others,Diagnostic center,Future plans (Hospital plans to purchase this over the next 3 years),Non-Medical,Others,,,Laptop,,Non-Critical,3,60,Watts,,,4,,
8/19/2025 21:59:23,Mainland General Hospital,Others,"Engineering Office, Auditor's Office, Account Office, Laundry, Record Department",Currently Available,Non-Medical,LIghtening,,,Light bulb,,Critical,29,22,Watts,,Good ,24,"Morning (12 am- 3 am) , Morning (3 am- 6 am) , Morining (6 am - 9 am) , Morining (9 am - 12 pm) , Afternoon (12 pm - 3 pm) , Afternoon (3 pm -  6 pm) , Evening (6 pm - 9 pm) , Night (9 pm - 12 am)",
8/19/2025 22:01:50,Alimosho General Hospital,Others,Diagnostic center,Future plans (Hospital plans to purchase this over the next 3 years),Non-Medical,Others,,,Others,Desktop,Critical,5,60,Watts,,,,,
8/19/2025 22:01:25,Ifako Agege General Hospital,Others,Medical lab,Currently Available,Medical,Others,Others,Chemistry analyzer,,,Critical,1,300,Watts,,Good ,6,"Morining (9 am - 12 pm) , Afternoon (12 pm - 3 pm)",
8/19/2025 22:03:38,Ifako Agege General Hospital,Others,Medical lab,Currently Available,Medical,Others,Automatic Analyzer or Automated machine,,,,Critical,2,100,Watts,,Good ,8,"Morining (9 am - 12 pm) , Afternoon (12 pm - 3 pm) , Afternoon (3 pm -  6 pm)",
8/19/2025 22:03:00,Alimosho General Hospital,Others,Diagnostic center,Future plans (Hospital plans to purchase this over the next 3 years),Non-Medical,Cooling,,,Others,Air conditioner,Non-Critical,8,1492,Watts,,,5,,
8/19/2025 22:05:51,Alimosho General Hospital,Others,Diagnostic center,Currently Available,Non-Medical,Others,,,Others,Printer,Non-Critical,3,1400,Watts,,Good ,,"Morining (9 am - 12 pm) , Afternoon (12 pm - 3 pm) , Afternoon (3 pm -  6 pm)",
8/19/2025 22:05:25,Ifako Agege General Hospital,Others,Medical lab,Currently Available,Medical,Others,Automatic Analyzer or Automated machine,,,,Critical,1,300,Watts,,Good ,6,"Morining (9 am - 12 pm) , Afternoon (12 pm - 3 pm)",
8/19/2025 22:07:19,Alimosho General Hospital,Others,Diagnostic center,Currently Available,Medical,Others,ultra scan / scan machine,,,,Critical,1,420,Watts,,Good ,,"Morining (6 am - 9 am) , Morining (9 am - 12 pm) , Afternoon (12 pm - 3 pm) , Afternoon (3 pm -  6 pm) , Evening (6 pm - 9 pm)",
8/19/2025 22:07:24,Mainland General Hospital,Others,"Engineering Office, Auditor's Office, Account Office, Laundry, Record Department",Currently Available,Non-Medical,Others,,,Others,Washing Machine,Critical,4,2500,Watts,,Good ,12,"Morining (9 am - 12 pm) , Afternoon (12 pm - 3 pm) , Afternoon (3 pm -  6 pm) , Evening (6 pm - 9 pm)",
8/19/2025 22:08:29,Alimosho General Hospital,Others,Diagnostic center,Currently Available,Medical,Others,GDP X-Ray 38kva,,,,Critical,1,1600,Watts,,Good ,,"Morining (9 am - 12 pm) , Afternoon (12 pm - 3 pm) , Afternoon (3 pm -  6 pm)",
8/19/2025 22:08:25,Ifako Agege General Hospital,Others,Medical lab,Future plans (Hospital plans to purchase this over the next 3 years),Medical,Others,Others,Hormone analyzer,,,Critical,1,300,Watts,,,6,,
8/19/2025 22:08:48,Mainland General Hospital,Others,"Engineering Office, Auditor's Office, Account Office, Laundry, Record Department",Currently Available,Non-Medical,Others,,,Others,Water Heater,Critical,1,1200,Watts,,Good ,6,"Morning (3 am- 6 am) , Morining (6 am - 9 am)",
8/19/2025 22:10:50,Alimosho General Hospital,Others,Diagnostic center,Currently Available,Medical,Others,Centrifuge (Big/Small?),,,,Critical,1,200,Watts,,Good ,,"Morining (9 am - 12 pm) , Afternoon (12 pm - 3 pm) , Afternoon (3 pm -  6 pm)",
8/19/2025 22:12:12,Alimosho General Hospital,Others,Diagnostic center,Currently Available,Non-Medical,Others,,,Others,Inverter,Non-Critical,1,80,KVA,,Good ,,,
8/19/2025 22:12:37,Mainland General Hospital,Others,"Engineering Office, Auditor's Office, Account Office, Laundry, Record Department",Currently Available,Non-Medical,Others,,,Others,Pressing Iron,Critical,1,1200,Watts,,Good ,9,"Morining (6 am - 9 am) , Afternoon (12 pm - 3 pm) , Afternoon (3 pm -  6 pm)",
8/19/2025 22:13:37,Alimosho General Hospital,Others,Diagnostic center,Currently Available,Medical,Others,Microscope or Binocular Microscope,,,,Critical,1,50,Watts,,Good ,,"Morining (9 am - 12 pm) , Afternoon (12 pm - 3 pm) , Afternoon (3 pm -  6 pm)",
8/19/2025 22:14:12,Mainland General Hospital,Others,"Engineering Office, Auditor's Office, Account Office, Laundry, Record Department",Currently Available,Non-Medical,Others,,,Others,Microwave,Non-Critical,4,1200,Watts,,Good ,3,Morining (9 am - 12 pm),
8/19/2025 22:12:09,Ifako Agege General Hospital,Others,Medical lab,Currently Available,Non-Medical,Others,,,Others,Mercury lab,Critical,4,250,Watts,,Good ,6,"Morining (9 am - 12 pm) , Afternoon (12 pm - 3 pm) , Afternoon (3 pm -  6 pm) , Evening (6 pm - 9 pm)",
8/19/2025 22:16:10,Alimosho General Hospital,Others,Diagnostic center,Currently Available,Non-Medical,LIghtening,,,Light bulb,,Non-Critical,1,50,Watts,,Good ,,,
8/19/2025 22:15:43,Mainland General Hospital,Others,"Engineering Office, Auditor's Office, Account Office, Laundry, Record Department",Currently Available,Non-Medical,Others,,,Others,Electric Kettle,Critical,2,2200,Watts,,Good ,6,"Morining (6 am - 9 am) , Morining (9 am - 12 pm)",
8/19/2025 22:17:15,Alimosho General Hospital,Others,Diagnostic center,Currently Available,Non-Medical,LIghtening,,,Light bulb,,Non-Critical,2,18,Watts,,Good ,,,
8/19/2025 22:15:51,Ifako Agege General Hospital,Others,Medical lab,Currently Available,Non-Medical,Others,,,Others,Mercury UPS,Non-Critical,4,250,Watts,,Good ,6,"Morining (9 am - 12 pm) , Afternoon (12 pm - 3 pm)",
8/19/2025 22:17:42,Mainland General Hospital,Others,"Engineering Office, Auditor's Office, Account Office, Laundry, Record Department",Currently Available,Non-Medical,Cooling,,,Fan,,Critical,2,135,Watts,,Good ,15,"Morining (9 am - 12 pm) , Afternoon (12 pm - 3 pm) , Afternoon (3 pm -  6 pm) , Evening (6 pm - 9 pm) , Night (9 pm - 12 am)",
8/19/2025 22:18:08,Alimosho General Hospital,Others,Diagnostic center,Currently Available,Non-Medical,Cooling,,,Freezer/Fridge,,Critical,4,800,Watts,,Good ,24,,
8/19/2025 22:19:28,Alimosho General Hospital,Others,Diagnostic center,Currently Available,Non-Medical,Cooling,,,Others,Air conditioner,Non-Critical,7,1119,Watts,,Good ,,"Morining (9 am - 12 pm) , Afternoon (12 pm - 3 pm) , Afternoon (3 pm -  6 pm)",
8/19/2025 22:18:44,Ifako Agege General Hospital,Others,Medical lab,Currently Available,Medical,Others,Others,ANBIO MACHINE,,,Non-Critical,1,10,Watts,,Good ,7,"Morining (9 am - 12 pm) , Afternoon (12 pm - 3 pm)",
8/19/2025 22:19:04,Mainland General Hospital,Others,"Engineering Office, Auditor's Office, Account Office, Laundry, Record Department",Currently Available,Non-Medical,Others,,,Others,Water Dispenser,Non-Critical,2,505,Watts,,Good ,24,"Morning (12 am- 3 am) , Morning (3 am- 6 am) , Morining (6 am - 9 am) , Morining (9 am - 12 pm) , Afternoon (12 pm - 3 pm) , Afternoon (3 pm -  6 pm) , Evening (6 pm - 9 pm) , Night (9 pm - 12 am)",
8/19/2025 22:20:57,Alimosho General Hospital,Others,Diagnostic center,Currently Available,Medical,Others,Others,Cobase E411,,,Critical,1,800,Watts,,Good ,8,"Morining (9 am - 12 pm) , Afternoon (12 pm - 3 pm) , Afternoon (3 pm -  6 pm)",Appliance Audit_Images/08-19-2025 22-20-57.Take an image of the equipment if accessible.212705.jpg
8/19/2025 22:20:55,Ifako Agege General Hospital,Others,MEDICAL lab,Currently Available,Medical,Cooling,Bucket Centrifuge,,,,Critical,1,500,Watts,,Good ,6,,
8/19/2025 22:22:24,Alimosho General Hospital,Others,Diagnostic center,Currently Available,Medical,Others,Others,Cobase C 111,,,Critical,1,320,Watts,,Good ,8,"Morining (9 am - 12 pm) , Afternoon (12 pm - 3 pm) , Afternoon (3 pm -  6 pm)",Appliance Audit_Images/08-19-2025 22-22-24.Take an image of the equipment if accessible.212611.jpg
8/19/2025 22:23:20,Ifako Agege General Hospital,Others,Medical lab,Currently Available,Medical,Others,Sterilizer or Autoclave Machine,,,,Non-Critical,1,3000,Watts,,Good ,6,Morining (9 am - 12 pm),
8/19/2025 22:28:15,Ifako Agege General Hospital,Others,Medical lab,Currently Available,Medical,Others,Incubator,,,,Non-Critical,1,250,Watts,,Good ,,,
8/19/2025 22:27:18,Alimosho General Hospital,Others,Diagnostic center,Currently Available,Medical,Others,Others,Tube Roller,,,Critical,1,10,Watts,,Good ,8,"Morining (9 am - 12 pm) , Afternoon (12 pm - 3 pm) , Afternoon (3 pm -  6 pm)",Appliance Audit_Images/08-19-2025 22-27-18.Take an image of the equipment if accessible.212927.jpg
8/19/2025 22:22:05,Mainland General Hospital,Others,GOPD/ Record/ Chest Clinic,Currently Available,Non-Medical,LIghtening,,,Light bulb,,Critical,38,22,Watts,,Good ,24,"Morning (12 am- 3 am) , Morning (3 am- 6 am) , Morining (6 am - 9 am) , Morining (9 am - 12 pm) , Afternoon (12 pm - 3 pm) , Afternoon (3 pm -  6 pm) , Evening (6 pm - 9 pm) , Night (9 pm - 12 am)",
8/19/2025 22:29:45,Ifako Agege General Hospital,Others,Medical Lab,Currently Available,Non-Medical,Others,,,Others,WATER BATH MACHILE,Non-Critical,1,157,Watts,,Good ,6,,
8/19/2025 22:31:43,Mainland General Hospital,Others,GOPD/ Record/ Chest Clinic,Currently Available,Non-Medical,Cooling,,,Fan,,Critical,12,55,Watts,,Good ,24,"Morning (12 am- 3 am) , Morning (3 am- 6 am) , Morining (6 am - 9 am) , Morining (9 am - 12 pm) , Afternoon (12 pm - 3 pm) , Afternoon (3 pm -  6 pm) , Evening (6 pm - 9 pm) , Night (9 pm - 12 am)",
8/19/2025 22:31:28,Alimosho General Hospital,Others,Diagnostic center,Currently Available,Medical,Others,Automatic Analyzer or Automated machine,,,,Critical,1,50,Watts,,Good ,8,"Morining (9 am - 12 pm) , Afternoon (12 pm - 3 pm) , Afternoon (3 pm -  6 pm)",Appliance Audit_Images/08-19-2025 22-31-28.Take an image of the equipment if accessible.213311.jpg
8/19/2025 22:32:56,Mainland General Hospital,Others,GOPD/ Record/ Chest Clinic,Currently Available,Non-Medical,Cooling,,,Freezer/Fridge,,Critical,2,1300,Watts,,Good ,24,"Morning (12 am- 3 am) , Morning (3 am- 6 am) , Morining (6 am - 9 am) , Morining (9 am - 12 pm) , Afternoon (12 pm - 3 pm) , Afternoon (3 pm -  6 pm) , Evening (6 pm - 9 pm) , Night (9 pm - 12 am)",
8/19/2025 22:33:58,Alimosho General Hospital,Others,Diagnostic center,Currently Available,Medical,Others,Others,Beckman Coulter,,,Critical,1,110,Watts,,Good ,8,"Morining (9 am - 12 pm) , Afternoon (12 pm - 3 pm) , Afternoon (3 pm -  6 pm)",Appliance Audit_Images/08-19-2025 22-33-58.Take an image of the equipment if accessible.213543.jpg
8/19/2025 22:32:48,Ifako Agege General Hospital,Others,Medical lab,Currently Available,Non-Medical,Others,,,Others,Microscope,Non-Critical,1,15,Watts,,Good ,6,"Morining (9 am - 12 pm) , Afternoon (12 pm - 3 pm)",
8/19/2025 22:36:09,Alimosho General Hospital,Others,Supermarket,Currently Available,Non-Medical,LIghtening,,,Light bulb,,Non-Critical,10,50,Watts,,Good ,8,"Morining (9 am - 12 pm) , Afternoon (12 pm - 3 pm) , Afternoon (3 pm -  6 pm)",
8/19/2025 22:38:28,Alimosho General Hospital,Others,Supermarket,Currently Available,Non-Medical,LIghtening,,,Light bulb,,Non-Critical,9,100,Watts,,Good ,8,"Morining (9 am - 12 pm) , Afternoon (12 pm - 3 pm) , Afternoon (3 pm -  6 pm)",
8/19/2025 22:36:24,Mainland General Hospital,Others,GOPD/ Record/ Chest Clinic,Currently Available,Non-Medical,Others,,,Others,Inverter,BackUp,1,3500,Watts,,Good ,24,"Morning (12 am- 3 am) , Morning (3 am- 6 am) , Morining (6 am - 9 am) , Morining (9 am - 12 pm) , Afternoon (12 pm - 3 pm) , Afternoon (3 pm -  6 pm) , Evening (6 pm - 9 pm) , Night (9 pm - 12 am)",
8/19/2025 22:39:51,Alimosho General Hospital,Others,Supermarket,Currently Available,Non-Medical,LIghtening,,,Fan,,Non-Critical,3,150,Watts,,Good ,8,"Morining (9 am - 12 pm) , Afternoon (12 pm - 3 pm) , Afternoon (3 pm -  6 pm)",
8/19/2025 22:42:24,Alimosho General Hospital,Others,Supermarket,Currently Available,Non-Medical,Others,,,Others,Photocopier,Non-Critical,1,1400,Watts,,Good ,8,"Morining (9 am - 12 pm) , Afternoon (12 pm - 3 pm) , Afternoon (3 pm -  6 pm)",
8/19/2025 22:40:44,Mainland General Hospital,Others,GOPD/ Record/ Chest Clinic,Currently Available,Non-Medical,Cooling,,,Fan,,Critical,2,150,Watts,,Good ,12,"Afternoon (12 pm - 3 pm) , Afternoon (3 pm -  6 pm) , Evening (6 pm - 9 pm) , Night (9 pm - 12 am)",
8/19/2025 22:44:12,Alimosho General Hospital,Others,Supermarket,Currently Available,Non-Medical,Others,,,Others,Desktop computer,Non-Critical,2,60,Watts,,Good ,8,"Morining (9 am - 12 pm) , Afternoon (12 pm - 3 pm) , Afternoon (3 pm -  6 pm)",
8/19/2025 22:45:21,Alimosho General Hospital,Others,Supermarket,Currently Available,Non-Medical,Heating,,,Others,Microwave,Non-Critical,1,1500,Watts,,Good ,8,"Morining (9 am - 12 pm) , Afternoon (12 pm - 3 pm) , Afternoon (3 pm -  6 pm)",
8/19/2025 22:45:50,Mainland General Hospital,Others,GOPD/ Record/ Chest Clinic,Currently Available,Non-Medical,Cooling,,,Freezer/Fridge,,Critical,1,100,Watts,,Good ,24,"Morning (12 am- 3 am) , Morning (3 am- 6 am) , Morining (6 am - 9 am) , Morining (9 am - 12 pm) , Afternoon (12 pm - 3 pm) , Afternoon (3 pm -  6 pm) , Evening (6 pm - 9 pm) , Night (9 pm - 12 am)",
8/19/2025 22:46:45,Alimosho General Hospital,Others,Supermarket,Currently Available,Non-Medical,Cooling,,,Others,Air conditioner,Non-Critical,2,1119,Watts,,Good ,8,"Morining (9 am - 12 pm) , Afternoon (12 pm - 3 pm) , Afternoon (3 pm -  6 pm)",
8/19/2025 22:48:43,Mainland General Hospital,Others,GOPD/ Record/ Chest Clinic,Currently Available,Non-Medical,Others,,,Others,Microwave,Critical,1,1800,Watts,,Good ,6,"Morining (9 am - 12 pm) , Afternoon (12 pm - 3 pm)",
8/19/2025 22:48:44,Alimosho General Hospital,Others,Supermarket,Currently Available,Non-Medical,Cooling,,,Others,Chiller,Non-Critical,2,750,Watts,,Good ,10,"Morining (9 am - 12 pm) , Afternoon (12 pm - 3 pm) , Afternoon (3 pm -  6 pm)",Appliance Audit_Images/08-19-2025 22-48-44.Take an image of the equipment if accessible.215033.jpg
8/19/2025 22:50:35,Alimosho General Hospital,Others,Supermarket,Currently Available,Non-Medical,Cooling,,,Freezer/Fridge,,Non-Critical,1,260,Watts,,Good ,,"Morining (9 am - 12 pm) , Afternoon (12 pm - 3 pm) , Afternoon (3 pm -  6 pm)",
8/19/2025 22:51:34,Alimosho General Hospital,Others,Supermarket,Currently Available,Non-Medical,Others,,,Others,Toast machine,Non-Critical,1,1500,Watts,,Good ,,,
8/19/2025 22:52:35,Alimosho General Hospital,Others,Supermarket,Currently Available,Non-Medical,LIghtening,,,Light bulb,,Non-Critical,5,18,Watts,,Good ,,,
8/19/2025 22:50:02,Mainland General Hospital,Others,GOPD/ Record/ Chest Clinic,Currently Available,Medical,Others,Others,Patient Monitor,,,Critical,1,240,Watts,,Good ,24,"Morning (12 am- 3 am) , Morning (3 am- 6 am) , Morining (6 am - 9 am) , Morining (9 am - 12 pm) , Afternoon (12 pm - 3 pm) , Afternoon (3 pm -  6 pm) , Evening (6 pm - 9 pm) , Night (9 pm - 12 am)",
8/19/2025 22:58:10,Mainland General Hospital,Others,GOPD/ Record/ Chest Clinic,Currently Available,Non-Medical,Others,cold chain equipment,,Television,,Critical,1,150,Watts,,Good ,9,"Morining (9 am - 12 pm) , Afternoon (12 pm - 3 pm) , Afternoon (3 pm -  6 pm)",
8/19/2025 23:05:24,Mainland General Hospital,Others,Desktop,Currently Available,Non-Medical,Others,,,Others,Desktop,Critical,2,60,Watts,,Good ,9,"Morining (9 am - 12 pm) , Afternoon (12 pm - 3 pm) , Afternoon (3 pm -  6 pm)",
8/19/2025 23:06:46,Mainland General Hospital,Others,GOPD/ Record/ Chest Clinic,Currently Available,Non-Medical,Others,,,Others,Handdryer,Non-Critical,1,1800,Watts,,Good ,3,Afternoon (12 pm - 3 pm),
8/19/2025 23:08:52,Mainland General Hospital,Others,GOPD/ Record/ Chest Clinic,Currently Available,Non-Medical,Others,,,Others,Water Dispenser,Non-Critical,1,505,Watts,,Good ,9,"Morining (9 am - 12 pm) , Afternoon (12 pm - 3 pm) , Afternoon (3 pm -  6 pm)",
8/19/2025 23:10:00,Mainland General Hospital,Others,GOPD/ Record/ Chest Clinic,Currently Available,Non-Medical,LIghtening,,,Light bulb,,Critical,25,8,Watts,,Good ,24,"Morning (12 am- 3 am) , Morning (3 am- 6 am) , Morining (6 am - 9 am) , Morining (9 am - 12 pm) , Afternoon (12 pm - 3 pm) , Afternoon (3 pm -  6 pm) , Evening (6 pm - 9 pm) , Night (9 pm - 12 am)",
8/20/2025 2:32:26,Alimosho General Hospital,Surgery,,Currently Available,Non-Medical,LIghtening,,,Light bulb,,Critical,6,60,Watts,,Good ,14,,
8/20/2025 2:35:40,Alimosho General Hospital,Surgery,,Currently Available,Non-Medical,LIghtening,,,Light bulb,,Critical,19,18,Watts,,Good ,14,,
8/20/2025 2:40:25,Alimosho General Hospital,Surgery,,Currently Available,Non-Medical,Cooling,,,Others,Air conditioner,Non-Critical,15,1119,Watts,,Good ,14,"Morining (9 am - 12 pm) , Afternoon (12 pm - 3 pm) , Afternoon (3 pm -  6 pm)",
8/20/2025 2:46:17,Alimosho General Hospital,Surgery,,Currently Available,Non-Medical,Others,,,Television,,Non-Critical,5,100,Watts,,Good ,,"Morining (9 am - 12 pm) , Afternoon (12 pm - 3 pm) , Afternoon (3 pm -  6 pm)",
8/20/2025 2:48:02,Alimosho General Hospital,Surgery,,Currently Available,Non-Medical,Cooling,,,Freezer/Fridge,,Non-Critical,7,800,Watts,,Good ,,"Morining (9 am - 12 pm) , Afternoon (12 pm - 3 pm) , Afternoon (3 pm -  6 pm)",
8/20/2025 2:50:29,Alimosho General Hospital,Surgery,,Currently Available,Non-Medical,Others,,,Others,Desktop computer,Non-Critical,5,60,Watts,,Good ,,,
8/20/2025 2:54:39,Alimosho General Hospital,Surgery,,Currently Available,Non-Medical,Heating,,,Others,Microwave,Non-Critical,5,1200,Watts,,Good ,,"Morining (9 am - 12 pm) , Afternoon (12 pm - 3 pm) , Afternoon (3 pm -  6 pm)",
8/20/2025 2:58:31,Alimosho General Hospital,Surgery,,Currently Available,Non-Medical,Heating,,,Others,Electric kettle,Non-Critical,1,1300,Watts,,Good ,,"Morining (9 am - 12 pm) , Afternoon (12 pm - 3 pm) , Afternoon (3 pm -  6 pm)",
8/20/2025 2:59:25,Alimosho General Hospital,Surgery,,Currently Available,Non-Medical,Cooling,,,Others,Water dispenser,Non-Critical,1,500,Watts,,Good ,,"Morining (9 am - 12 pm) , Afternoon (12 pm - 3 pm) , Afternoon (3 pm -  6 pm)",
8/20/2025 3:00:52,Alimosho General Hospital,Surgery,,Currently Available,Medical,Others,Others,Anesthesia machine,,,Critical,2,50,Watts,,Good ,,"Morining (6 am - 9 am) , Morining (9 am - 12 pm) , Afternoon (12 pm - 3 pm) , Afternoon (3 pm -  6 pm) , Evening (6 pm - 9 pm)",Appliance Audit_Images/08-20-2025 03-00-52.Take an image of the equipment if accessible.020331.jpg
8/20/2025 3:03:32,Alimosho General Hospital,Surgery,,Currently Available,Medical,Others,Suction Machine,,,,Critical,3,90,Watts,,Good ,,"Morining (6 am - 9 am) , Morining (9 am - 12 pm) , Afternoon (12 pm - 3 pm) , Afternoon (3 pm -  6 pm) , Evening (6 pm - 9 pm)",Appliance Audit_Images/08-20-2025 03-03-32.Take an image of the equipment if accessible.020801.jpg
8/20/2025 3:12:17,Alimosho General Hospital,Surgery,,Currently Available,Medical,Others,Others,Ventilator,,,Critical,1,,Watts,,Good ,,,Appliance Audit_Images/08-20-2025 03-12-17.Take an image of the equipment if accessible.021652.jpg
8/20/2025 3:17:05,Alimosho General Hospital,Surgery,,Currently Available,Medical,Others,Theatre Lamp,,,,Critical,3,200,Watts,,Good ,,,Appliance Audit_Images/08-20-2025 03-17-05.Take an image of the equipment if accessible.021817.jpg
8/20/2025 3:18:17,Alimosho General Hospital,Surgery,,Currently Available,Medical,Others,Others,Theater bed,,,Critical,1,200,Watts,,Good ,,,
8/20/2025 3:20:36,Alimosho General Hospital,Surgery,,Currently Available,Non-Medical,LIghtening,,,Light bulb,,Critical,32,24,Watts,,Good ,,,
8/20/2025 3:21:26,Alimosho General Hospital,Surgery,,Currently Available,Non-Medical,LIghtening,,,Light bulb,,Non-Critical,8,50,Watts,,Good ,,,
8/20/2025 3:22:25,Alimosho General Hospital,Surgery,,Currently Available,Non-Medical,Cooling,,,Others,Air conditioner,Non-Critical,2,1492,Watts,,Good ,,,Appliance Audit_Images/08-20-2025 03-22-25.Take an image of the equipment if accessible.022340.jpg
8/20/2025 3:24:38,Alimosho General Hospital,Others,Lions Building,Currently Available,Non-Medical,LIghtening,,,Light bulb,,Non-Critical,3,50,Watts,,Good ,,,
8/20/2025 3:26:44,Alimosho General Hospital,Others,Lions Building,Currently Available,Non-Medical,LIghtening,,,Light bulb,,Non-Critical,45,12,Watts,,Good ,,,
8/20/2025 3:28:19,Alimosho General Hospital,Others,Lions Building,Currently Available,Non-Medical,LIghtening,,,Light bulb,,Non-Critical,2,18,Watts,,Good ,,,
8/20/2025 3:29:19,Alimosho General Hospital,Others,Lions Building,Currently Available,Non-Medical,Others,,,Fan,,Non-Critical,5,135,Watts,,Good ,,,
8/20/2025 7:32:09,Ifako Agege General Hospital,Others,Medical Lab,Currently Available,Medical,Others,Incubator,,,,Critical,2,150,Watts,,Good ,6,"Morining (9 am - 12 pm) , Afternoon (12 pm - 3 pm)",Appliance Audit_Images/08-20-2025 07-32-09.Take an image of the equipment if accessible.064251.jpg
8/20/2025 7:43:27,Ifako Agege General Hospital,Others,Medical lab,Currently Available,Non-Medical,Others,,,Others,Printer,Non-Critical,1,600,Watts,,Bad - Not Working,6,"Morining (9 am - 12 pm) , Afternoon (12 pm - 3 pm)",
8/20/2025 7:46:33,Ifako Agege General Hospital,Others,Medical Lab,Currently Available,Medical,Others,Centrifuge (Big/Small?),,,,Critical,1,380,Watts,,Good ,6,"Morining (9 am - 12 pm) , Afternoon (12 pm - 3 pm)",
8/20/2025 7:48:16,Ifako Agege General Hospital,Others,Medical Lab,Currently Available,Medical,Others,Centrifuge (Big/Small?),,,,Critical,1,380,Watts,,Good ,6,"Afternoon (3 pm -  6 pm) , Evening (6 pm - 9 pm)",
8/20/2025 7:50:34,Ifako Agege General Hospital,Others,Medical Lab,Currently Available,Medical,Others,Automatic Analyzer or Automated machine,,,,Critical,2,150,Watts,,Good ,9,"Morining (9 am - 12 pm) , Afternoon (12 pm - 3 pm) , Afternoon (3 pm -  6 pm)",
8/20/2025 7:52:19,Ifako Agege General Hospital,Others,Medical Lab,Currently Available,Non-Medical,Heating,,,Others,Microwave,Non-Critical,1,1000,Watts,,Bad - Not Working,4,"Morining (9 am - 12 pm) , Afternoon (12 pm - 3 pm)",
8/20/2025 7:53:44,Ifako Agege General Hospital,Others,Medical Lab,Currently Available,Non-Medical,Others,,,Television,,Non-Critical,1,30,Watts,,Bad - Not Working,4,Afternoon (12 pm - 3 pm),
8/20/2025 7:54:51,Ifako Agege General Hospital,Others,Medical Lab,Currently Available,Non-Medical,Others,,,Others,Deatop,Non-Critical,1,200,Watts,,Good ,5,"Afternoon (12 pm - 3 pm) , Afternoon (3 pm -  6 pm)",
8/20/2025 7:56:54,Ifako Agege General Hospital,Others,MCC building,Currently Available,Non-Medical,LIghtening,,,Light bulb,,Critical,75,18,Watts,,Good ,24,"Morning (12 am- 3 am) , Morning (3 am- 6 am) , Evening (6 pm - 9 pm) , Night (9 pm - 12 am)",Appliance Audit_Images/08-20-2025 07-56-54.Take an image of the equipment if accessible.070246.jpg
8/20/2025 8:02:51,Ifako Agege General Hospital,Others,MCC building,Currently Available,Non-Medical,LIghtening,,,Light bulb,,Non-Critical,27,100,Watts,,Good ,24,"Morning (12 am- 3 am) , Morning (3 am- 6 am) , Evening (6 pm - 9 pm) , Night (9 pm - 12 am)",Appliance Audit_Images/08-20-2025 08-02-51.Take an image of the equipment if accessible.070446.jpg
8/20/2025 8:04:49,Ifako Agege General Hospital,Others,MCC building,Currently Available,Non-Medical,LIghtening,,,Light bulb,,Non-Critical,43,10,Watts,,Bad - Not Working,12,"Morning (12 am- 3 am) , Morning (3 am- 6 am) , Evening (6 pm - 9 pm) , Night (9 pm - 12 am)",
8/20/2025 3:30:12,Alimosho General Hospital,Others,Lions Building,Currently Available,Non-Medical,Cooling,,,Fan,,Non-Critical,6,150,Watts,,Good ,,,
8/20/2025 3:31:34,Alimosho General Hospital,Others,Lions Building,Currently Available,Non-Medical,Cooling,,,Fan,,Non-Critical,6,80,Watts,,Good ,,,
8/20/2025 3:33:51,Alimosho General Hospital,Others,Lions Building,Currently Available,Non-Medical,Cooling,,,Others,Air conditioner,Non-Critical,6,1119,Watts,,Good ,8,"Morining (9 am - 12 pm) , Afternoon (12 pm - 3 pm) , Afternoon (3 pm -  6 pm) , Evening (6 pm - 9 pm)",
8/20/2025 3:35:57,Alimosho General Hospital,Others,Lions Building,Currently Available,Non-Medical,Others,,,Others,Desktop computer,Non-Critical,10,60,Watts,,Good ,10,"Morining (9 am - 12 pm) , Afternoon (12 pm - 3 pm) , Afternoon (3 pm -  6 pm) , Evening (6 pm - 9 pm)",
8/20/2025 3:39:27,Alimosho General Hospital,Others,Lions Building,Currently Available,Medical,Others,Others,Ultrasound machine,,,Critical,1,420,Watts,,Good ,,,
8/20/2025 8:22:47,Alimosho General Hospital,Others,DOT/Chest clinic,Currently Available,Non-Medical,LIghtening,,,Light bulb,,Non-Critical,20,18,Watts,,Good ,,"Morining (6 am - 9 am) , Morining (9 am - 12 pm) , Afternoon (12 pm - 3 pm) , Afternoon (3 pm -  6 pm) , Evening (6 pm - 9 pm) , Night (9 pm - 12 am)",
8/20/2025 8:26:03,Alimosho General Hospital,Others,DOT/ CHEST CLINIC,Currently Available,Non-Medical,LIghtening,,,Light bulb,,Non-Critical,8,30,Watts,,Good ,,,
8/20/2025 8:31:25,Alimosho General Hospital,Others,DOT/CHEST CLINIC,Currently Available,Non-Medical,LIghtening,,,Light bulb,,Non-Critical,38,6,Watts,,Good ,,,
8/20/2025 8:32:27,Alimosho General Hospital,Others,DOT/CHEST CLINIC,Currently Available,Non-Medical,LIghtening,,,Light bulb,,Non-Critical,2,10,Watts,,Good ,,,
8/20/2025 8:33:39,Alimosho General Hospital,Others,DOT/CHEST CLINIC,Currently Available,Non-Medical,Cooling,,,Fan,,Non-Critical,5,150,Watts,,Good ,,,
8/20/2025 8:34:41,Alimosho General Hospital,Others,DOT/CHEST CLINIC,Currently Available,Non-Medical,LIghtening,,,Television,Television,Non-Critical,7,100,Watts,,Good ,,,
8/20/2025 8:25:31,Mainland General Hospital,ICU [intensive Care Unit],,Currently Available,Non-Medical,LIghtening,,,Light bulb,,Critical,5,100,Watts,,Good ,12,"Morning (12 am- 3 am) , Morning (3 am- 6 am) , Evening (6 pm - 9 pm) , Night (9 pm - 12 am)",
8/20/2025 8:37:22,Alimosho General Hospital,Others,DOT/CHEST CLINIC,Currently Available,Non-Medical,Cooling,,,Freezer/Fridge,,Non-Critical,1,260,Watts,,Good ,,,
8/20/2025 8:37:50,Mainland General Hospital,ICU [intensive Care Unit],,Currently Available,Non-Medical,LIghtening,,,Light bulb,,Critical,62,22,Watts,,Good ,24,"Morning (12 am- 3 am) , Morning (3 am- 6 am) , Morining (6 am - 9 am) , Morining (9 am - 12 pm) , Afternoon (12 pm - 3 pm) , Afternoon (3 pm -  6 pm) , Evening (6 pm - 9 pm) , Night (9 pm - 12 am)",
8/20/2025 8:38:40,Alimosho General Hospital,Others,DOT/CHEST CLINIC,Currently Available,Non-Medical,Cooling,,,Freezer/Fridge,,Non-Critical,5,500,Watts,,Good ,,,
8/20/2025 8:40:46,Alimosho General Hospital,Others,DOT/CHEST CLINIC,Currently Available,Non-Medical,Cooling,,,Others,Air conditioner,Non-Critical,3,1492,Watts,,Good ,,"Morining (9 am - 12 pm) , Afternoon (12 pm - 3 pm) , Afternoon (3 pm -  6 pm) , Evening (6 pm - 9 pm)",
8/20/2025 8:40:10,Mainland General Hospital,ICU [intensive Care Unit],,Currently Available,Medical,Others,Others,Pumping Machine,,,Critical,4,1119,Watts,,Good ,24,"Morning (12 am- 3 am) , Morning (3 am- 6 am) , Morining (6 am - 9 am) , Morining (9 am - 12 pm) , Afternoon (12 pm - 3 pm) , Afternoon (3 pm -  6 pm) , Evening (6 pm - 9 pm) , Night (9 pm - 12 am)",
8/20/2025 8:42:25,Alimosho General Hospital,Others,DOT/CHEST CLINIC,Currently Available,Non-Medical,Cooling,,,Fan,,Non-Critical,14,80,Watts,,Good ,8,"Morining (6 am - 9 am) , Morining (9 am - 12 pm) , Afternoon (12 pm - 3 pm) , Afternoon (3 pm -  6 pm)",
8/20/2025 8:42:18,Mainland General Hospital,ICU [intensive Care Unit],,Currently Available,Non-Medical,Cooling,,,Others,Air Conditioner,Critical,5,1119,Watts,,Good ,24,"Morning (12 am- 3 am) , Morning (3 am- 6 am) , Morining (6 am - 9 am) , Morining (9 am - 12 pm) , Afternoon (12 pm - 3 pm) , Afternoon (3 pm -  6 pm) , Evening (6 pm - 9 pm) , Night (9 pm - 12 am)",
8/20/2025 8:43:55,Alimosho General Hospital,Others,DOT/CHEST CLINIC,Currently Available,Non-Medical,Cooling,,,Fan,,Non-Critical,3,135,Watts,,Good ,8,"Morining (9 am - 12 pm) , Afternoon (12 pm - 3 pm) , Afternoon (3 pm -  6 pm)",
8/20/2025 8:45:08,Mainland General Hospital,ICU [intensive Care Unit],,Currently Available,Non-Medical,Cooling,,,Others,Air Conditioner,Non-Critical,5,2611,Watts,,Good ,9,"Morining (9 am - 12 pm) , Afternoon (12 pm - 3 pm) , Afternoon (3 pm -  6 pm)",
