Timestamp,What is the name of the hospital?,Geolocation,What paramaters are you measuring,Which location at the hospital are you measuring these values from,Take a picture of the location,page_air_quality,Air Quality,CO,SO2,NO2,CO2,VOC,H2S,Noise,UV radiation,page_meterology,Meterology,Temperature,Dew Point,Wet Bulb,RH%,Atm. Pressure,Wind Speed,page_water_insu,Water Insu.,pH,Water Temperature,DO,TDS,Salinity
06/02/2025 12:23,LASUTH,"6.589660, 3.340885",Air Quality,Doctor quarters/MRC,,,,1,0,0.03,467,0.108,0,49.8,5,,,38.8,24.7,26.2,73.4,1010.1,1.4,,,,,,,
06/03/2025 12:11,LASUTH,"6.590088, 3.341730",Air Quality,Dental/Physiotherapy/Emertology,,,,0,0,0.05,481,0.032,0,57.2,7,,,,,,,,,,,,,,,
06/03/2025 12:17,LASUTH,"6.589953, 3.341706",Meterology,Dental/Physiotherapy/Emertology,,,,,,,,,,,,,,35.6,25.6,27.4,79.4,1010.1,0.9,,,,,,,
06/03/2025 12:24,LASUTH,"6.590163, 3.342298",Air Quality,ME/Clinic/Eye Clinic,,,,3,0.01,0.06,486,0.621,0,63.4,6,,,,,,,,,,,,,,,
06/03/2025 12:26,LASUTH,"6.590180, 3.342280",Meterology,ME/Clinic/Eye Clinic,,,,,,,,,,,,,,38.4,24.1,26.3,70.9,1010.2,1.2,,,,,,,
06/03/2025 12:35,LASUTH,"6.589503, 3.342812",Meterology,CCU/SE/Laboratory,,,,,,,,,,,,,,39.2,25,27.2,71.8,1010.2,0.6,,,,,,,
06/03/2025 12:37,LASUTH,"6.589658, 3.342999",Air Quality,CCU/SE/Laboratory,,,,2,0,0.04,479,0.43,0,74,5,,,,,,,,,,,,,,,
06/03/2025 12:48,LASUTH,"6.589030, 3.342126",Meterology,Diabetic/Theater,,,,,,,,,,,,,,37.1,25.2,27.9,75.2,1010.1,1.6,,,,,,,
06/03/2025 12:50,LASUTH,"6.589078, 3.342542",Air Quality,Diabetic and Theater,,,,1,0,0.02,428,0.187,0,52.3,5,,,,,,,,,,,,,,,
06/03/2025 12:56,LASUTH,"6.590298, 3.343042",Air Quality,Male and female wards /bones unit,,,,0,0,0.01,456,0.118,0,51.1,4,,,,,,,,,,,,,,,
06/03/2025 13:00,LASUTH,"6.590267, 3.343343",Meterology,Male and female wards/bones unit,,,,,,,,,,,,,,34.5,23.8,25.6,86.4,1009.8,0.4,,,,,,,
06/03/2025 13:06,LASUTH,"6.590332, 3.343794",Air Quality,Oncology/catlab/stroke unit and BT adult,,,,4,0.01,0.05,493,1.032,0,57.8,6,,,,,,,,,,,,,,,
06/03/2025 13:15,LASUTH,"6.590382, 3.343808",Meterology,Oncology/catlab/stroke and BT adult,,,,,,,,,,,,,,33.8,24.9,26.3,89.4,1010,0.7,,,,,,,
06/03/2025 13:33,LASUTH,"6.591215, 3.342507",Air Quality,Sicle cell/SDG and BT children,,,,2,0.01,0.03,477,0.019,0,67.3,3,,,,,,,,,,,,,,,
06/03/2025 13:41,LASUTH,"6.590951, 3.341658",Air Quality,Administrative block,,,,2,0,0.04,468,0.41,0,54.2,5,,,,,,,,,,,,,,,
06/03/2025 13:43,LASUTH,"6.590957, 3.341607",Meterology,Administrative block,,,,,,,,,,,,,,40.1,25.4,28,70.8,1010.1,0.8,,,,,,,
06/03/2025 13:47,LASUTH,"6.590594, 3.340981",Air Quality,Ayinke House/BTD Diagnosis,,,,1,0,0.02,474,0.049,0,52.7,4,,,,,,,,,,,,,,,
06/03/2025 13:50,LASUTH,"6.590641, 3.341058",Meterology,Ayinke House/BTD Diagnosis,,,,,,,,,,,,,,38.8,24.7,26.2,73.4,1010.1,1.4,,,,,,,
06/03/2025 13:59,LASUTH,"6.590403, 3.340810",Water insitu,LASUTH,,,,,,,,,,,,,,,,,,,,,,7.24,29.8,2.9,94.1,0.4
06/03/2025 15:25,Ifako Agege General Hospital,"6.643690, 3.325356",Air Quality,Entrance gate/MCC/premium unit,,,,5,0.01,0.03,445,1.304,0,72.3,4,,,,,,,,,,,,,,,
06/03/2025 15:30,Ifako Agege General Hospital,"6.643688, 3.325243",Meterology,Entrance gate/MCC/Premium unit,,,,,,,,,,,,,,32.2,25.7,27.6,99.9,1010.4,0.8,,,,,,,
06/03/2025 15:35,Ifako Agege General Hospital,"6.643252, 3.325569",Air Quality,LAB/MCC,,,,3,0,0.04,473,0.049,0,68.9,3,,,,,,,,,,,,,,,
06/03/2025 15:38,Ifako Agege General Hospital,"6.643287, 3.325519",Meterology,Laboratory/MCC,,,,,,,,,,,,,,32.6,24.3,26.9,97,1010.4,1.3,,,,,,,
06/03/2025 15:46,Ifako Agege General Hospital,"6.642768, 3.325683",Air Quality,General side/administrative block,,,,1,0,0.01,426,0.04,0,53.2,4,,,,,,,,,,,,,,,
06/03/2025 15:49,Ifako Agege General Hospital,"6.642783, 3.325653",Meterology,General side/administrative block,,,,,,,,,,,,,,30.9,23.8,25.4,98.9,1010.4,0.9,,,,,,,
06/03/2025 16:04,Ifako Agege General Hospital,"6.643591, 3.325851",Air Quality,Oxygen room/neonatal,,,,1,0,0.02,462,0.084,0,58.3,2,,,,,,,,,,,,,,,
06/03/2025 16:07,Ifako Agege General Hospital,"6.643554, 3.325855",Meterology,Oxygen/neonatal,,,,,,,,,,,,,,31.8,24.3,26.8,99.9,1010.3,0.4,,,,,,,
06/05/2025 10:57,Lagos Island Maternity,"6.448066, 3.397255",Meterology,Gyneacologist/family planning,,,,,,,,,,,,,,32.2,23.4,25.7,91.4,1010.6,0.7,,,,,,,
06/05/2025 11:02,Lagos Island Maternity,"6.448050, 3.397153",Air Quality,Gyneacologist/family planning,,,,4,0.01,0.05,438,0.023,6,68.4,4,,,,,,,,,,,,,,,
06/05/2025 11:06,Lagos Island Maternity,"6.448319, 3.397390",Air Quality,Antenatal/heart to heart,,,,1,0,0.02,404,0.018,0,63.2,4,,,,,,,,,,,,,,,
06/05/2025 11:12,Lagos Island Maternity,"6.448339, 3.397414",Meterology,Antenatal/heart to heart,,,,,,,,,,,,,,33.5,24.8,27,25.7,1010.8,0.4,,,,,,,
06/05/2025 11:14,Lagos Island Maternity,"6.448679, 3.397383",Air Quality,Emergency/waiting area,,,,3,0.01,0.06,494,0.164,0,58.3,6,,,,,,,,,,,,,,,
06/05/2025 11:21,Lagos Island Maternity,"6.448704, 3.397359",Meterology,Emergency/waiting area,,,,,,,,,,,,,,36.2,23.3,25.6,78.5,1010.8,0.6,,,,,,,
06/05/2025 11:24,Lagos Island Maternity,"6.448516, 3.397627",Meterology,Entrance gate/reception,,,,,,,,,,,,,,36.4,24.7,27.2,77.2,1010.8,0.3,,,,,,,
06/05/2025 11:25,Lagos Island Maternity,"6.448446, 3.397699",Air Quality,Entrance gate/reception,,,,5,0.01,0.04,462,0.043,0,64.3,5,,,,,,,,,,,,,,,
06/05/2025 11:30,Lagos Island Maternity,"6.448480, 3.397178",Air Quality,Theatre/pharmacy,,,,2,0,0.03,449,0.077,0,53.7,5,,,,,,,,,,,,,,,
06/05/2025 11:34,Lagos Island Maternity,"6.448525, 3.397189",Meterology,Theatre/pharmacy,,,,,,,,,,,,,,33.9,23.9,26.1,83.7,1010.7,0.5,,,,,,,
06/05/2025 11:46,Lagos Island Maternity,"6.448252, 3.397122",Water insitu,Maternity,,,,,,,,,,,,,,,,,,,,,,7.12,28.4,2.6,73,0.04
06/05/2025 12:20,"General Hospital Odan, Lagos","6.447919, 3.396315",Air Quality,Pathology/lab,,,,1,0,0.02,427,0.019,0,49.8,6,,,,,,,,,,,,,,,
06/05/2025 12:25,"General Hospital Odan, Lagos","6.447896, 3.396316",Meterology,Pathology/lab,,,,,,,,,,,,,,33.9,24,26.2,85.4,1010.8,1.2,,,,,,,
06/05/2025 12:26,"General Hospital Odan, Lagos","6.447667, 3.396222",Air Quality,Theatre/ward,,,,1,0,0.03,447,0.061,0,56.7,7,,,,,,,,,,,,,,,
06/05/2025 12:29,"General Hospital Odan, Lagos","6.447717, 3.396192",Meterology,Theatre/ward,,,,,,,,,,,,,,38.8,23.8,26.1,72.9,1010.9,0.4,,,,,,,
06/05/2025 12:33,"General Hospital Odan, Lagos","6.447547, 3.396650",Air Quality,Dialysis/engineering office,,,,0,0.01,0.04,433,0.027,0,49.4,6,,,,,,,,,,,,,,,
06/05/2025 12:36,"General Hospital Odan, Lagos","6.447521, 3.396739",Meterology,Dialysis/engineering office,,,,,,,,,,,,,,35.1,24.3,27.2,82.2,1010.8,1.3,,,,,,,
06/05/2025 12:44,"General Hospital Odan, Lagos","6.447600, 3.396603",Water insitu,Island General hospital odan,,,,,,,,,,,,,,,,,,,,,,6.89,31.2,3.4,91.1,0.3
06/05/2025 12:51,"General Hospital Odan, Lagos","6.446950, 3.396831",Air Quality,Administrative block/department of surgery/Physiotherapy,,,,2,0,0.03,464,0.022,0,52.1,8,,,,,,,,,,,,,,,
06/05/2025 12:53,"General Hospital Odan, Lagos","6.446911, 3.396832",Meterology,Administrative block/department of surgery/Physiotherapy,,,,,,,,,,,,,,37.4,25,27.5,74.6,1010.8,3.2,,,,,,,
06/05/2025 12:55,"General Hospital Odan, Lagos","6.446754, 3.397259",Air Quality,Emergency/casualty,,,,2,0,0.05,443,0.06,0,57.3,7,,,,,,,,,,,,,,,
06/05/2025 12:59,"General Hospital Odan, Lagos","6.446627, 3.397157",Meterology,Emergency/casualty,,,,,,,,,,,,,,36.3,24.9,77.6,78.2,1010.9,0.8,,,,,,,
06/05/2025 13:51,Onikan Health Centre,"6.444464, 3.405788",Air Quality,Kitchen/store/laundry,,,,1,0,0.04,475,0.029,0,53.8,8,,,,,,,,,,,,,,,
06/05/2025 13:59,Onikan Health Centre,"6.444502, 3.405705",Meterology,Kitchen/store/laundry,,,,,,,,,,,,,,36.6,24.9,26.3,76.3,1010.7,0.5,,,,,,,
06/05/2025 14:02,Onikan Health Centre,"6.444625, 3.405631",Air Quality,Theatre,,,,2,0,0.3,438,0.018,0,68.2,10,,,,,,,,,,,,,,,
06/05/2025 14:05,Onikan Health Centre,"6.444628, 3.405603",Meterology,Theatre,,,,,,,,,,,,,,37.4,23.6,25.9,73.7,1010.8,0.8,,,,,,,
06/05/2025 14:08,Onikan Health Centre,"6.444522, 3.405490",Air Quality,Ward /Administrative block/DM office,,,,2,0.01,0.05,447,0.018,0,51.9,9,,,,,,,,,,,,,,,
06/05/2025 14:11,Onikan Health Centre,"6.444531, 3.405453",Meterology,Ward/administrative block/MD office,,,,,,,,,,,,,,38.2,24.4,26.8,72.5,1010.9,0.8,,,,,,,
06/05/2025 14:15,Onikan Health Centre,"6.444550, 3.405398",Water insitu,Onikan general hospital,,,,,,,,,,,,,,,,,,,,,,7.57,32.1,2.7,12,1.42
06/05/2025 14:21,Onikan Health Centre,"6.444407, 3.404964",Air Quality,Children ward/conference room,,,,4,0,0.03,453,0.05,0,62.4,9,,,,,,,,,,,,,,,
06/05/2025 14:24,Onikan Health Centre,"6.444486, 3.405121",Meterology,Children ward/conference room,,,,,,,,,,,,,,35.2,24.7,27.4,80.6,1010.1,1.7,,,,,,,
06/05/2025 14:27,Onikan Health Centre,"6.444898, 3.405163",Air Quality,Pharmacy,,,,3,0.01,0.06,575,0.27,0,61.1,10,,,,,,,,,,,,,,,
06/05/2025 14:29,Onikan Health Centre,"6.445018, 3.404890",Meterology,Pharmacy,,,,,,,,,,,,,,37.5,23.9,25.3,75.5,1010.9,0.9,,,,,,,
06/05/2025 14:34,Onikan Health Centre,"6.444880, 3.405445",Air Quality,Em/gate/engineering,,,,3,0.01,0.04,563,0.182,0,73.4,8,,,,,,,,,,,,,,,
06/05/2025 14:37,Onikan Health Centre,"6.444951, 3.405476",Meterology,Em/pharmacy/engineering,,,,,,,,,,,,,,38.8,24.5,27.1,71.5,1010.8,0.6,,,,,,,
06/05/2025 15:24,Massey Children Hospital,"6.455280, 3.392295",Air Quality,Out patient building 1,,,,3,0.01,0.02,428,0.022,0,54.7,7,,,,,,,,,,,,,,,
06/05/2025 15:30,Massey Children Hospital,"6.455280, 3.392312",Meterology,Out patient building 1,,,,,,,,,,,,,,34.2,23.8,27.3,85.5,1010.1,1.7,,,,,,,
06/05/2025 15:33,Massey Children Hospital,"6.455058, 3.392050",Air Quality,Out patient building 2,,,,6,0.01,0.05,494,0.163,0,59.8,5,,,,,,,,,,,,,,,
06/05/2025 15:35,Massey Children Hospital,"6.455060, 3.392141",Meterology,Out patient building 2,,,,,,,,,,,,,,35.9,24,26.5,77.5,1010.1,2.1,,,,,,,
06/05/2025 15:38,Massey Children Hospital,"6.454823, 3.391738",Air Quality,Impatient building 1,,,,2,0,0.03,423,0.046,0,48.7,5,,,,,,,,,,,,,,,
06/05/2025 15:40,Massey Children Hospital,"6.454739, 3.391669",Meterology,Impatient building 2,,,,,,,,,,,,,,36,24.6,26.9,76.4,1010.9,0.9,,,,,,,
06/05/2025 15:44,Massey Children Hospital,"6.455048, 3.391730",Air Quality,Impatient building 2,,,,3,0.01,0.04,436,0.053,0,51.3,3,,,,,,,,,,,,,,,
06/05/2025 15:45,Massey Children Hospital,"6.455043, 3.391736",Meterology,Impatient building 2,,,,,,,,,,,,,,35,24.4,27.8,77.8,1010.1,0.7,,,,,,,
06/05/2025 15:47,Massey Children Hospital,"6.455024, 3.391685",Water insitu,Impatient building 2,,,,,,,,,,,,,,,,,,,,,,7.64,29.7,430,119,1.09
06/06/2025 08:14,Gbagada General Hospital,"6.553784, 3.387710",Air Quality,Engineering/Laundry,,,,0,0,0.02,410,0.013,0,48.9,2,,,,,,,,,,,,,,,
06/06/2025 08:17,Gbagada General Hospital,"6.553738, 3.387629",Meterology,Engineering/Laundry,,,,,,,,,,,,,,28.4,22.7,25.1,99.9,1010.11,0.6,,,,,,,
06/06/2025 08:22,Gbagada General Hospital,"6.553451, 3.387425",Air Quality,Paediatricians/ Laboratory,,,,1,0,0.03,422,0.017,0,51.3,2,,,,,,,,,,,,,,,
06/06/2025 08:26,Gbagada General Hospital,"6.553561, 3.387524",Meterology,Paediatricians/Laboratory,,,,,,,,,,,,,,29.2,23.4,25.7,99.9,1010.11,0.8,,,,,,,
06/06/2025 08:33,Gbagada General Hospital,"6.552893, 3.387566",Air Quality,Renal/dialysis centre/kitchen/catering department,,,,1,0,0.04,434,0.031,0,66.4,3,,,,,,,,,,,,,,,
06/06/2025 08:37,Gbagada General Hospital,"6.552934, 3.387470",Meterology,Renal/ dialysis centre/ kitchen/catering department,,,,,,,,,,,,,,29.1,23.8,26,99.9,1010.1,0.6,,,,,,,
06/06/2025 08:39,Gbagada General Hospital,"6.552663, 3.387677",Air Quality,Theater/free pharmacy/dental clinic/nutrition/Dietetics,,,,1,0,0.03,428,0.042,0,54.2,2,,,,,,,,,,,,,,,
06/06/2025 08:41,Gbagada General Hospital,"6.552571, 3.387645",Meterology,Theatre/ pharmacy/ dental clinic/ nutrition/ Dietetics,,,,,,,,,,,,,,30.5,24.2,26.6,99.9,1010.11,0.5,,,,,,,
06/06/2025 08:43,Gbagada General Hospital,"6.552657, 3.387332",Air Quality,Combined clinics/wards,,,,2,0.01,0.04,448,0.05,0,51.8,3,,,,,,,,,,,,,,,
06/06/2025 08:46,Gbagada General Hospital,"6.552636, 3.387436",Meterology,Combined clinics/wards,,,,,,,,,,,,,,31.4,24.5,27.1,99.7,1010.11,0.7,,,,,,,
06/06/2025 08:51,Gbagada General Hospital,"6.552434, 3.388065",Air Quality,Emergency/car park,,,,1,0,0.03,427,0.049,0,62.4,4,,,,,,,,,,,,,,,
06/06/2025 08:53,Gbagada General Hospital,"6.552378, 3.387954",Meterology,Emergency/car park,,,,,,,,,,,,,,32.8,24.4,26.7,93.4,1010.11.20,1.2,,,,,,,
06/06/2025 08:58,Gbagada General Hospital,"6.552068, 3.387346",Air Quality,Blood transfusion,,,,1,0,0.02,416,0.036,0,48.7,4,,,,,,,,,,,,,,,
06/06/2025 09:01,Gbagada General Hospital,"6.551626, 3.387215",Meterology,Block transmission,,,,,,,,,,,,,,32.5,23.7,26.4,93.8,1010.12,1.8,,,,,,,
06/06/2025 09:03,Gbagada General Hospital,"6.552075, 3.386392",Air Quality,Intensive care/oxygen plant,,,,0,0,0.01,440,0.053,0,49.4,3,,,,,,,,,,,,,,,
06/06/2025 09:06,Gbagada General Hospital,"6.551947, 3.386353",Meterology,Intensive care/oxygen plant,,,,,,,,,,,,,,31.4,24.3,27,97.1,1010.12,2.4,,,,,,,
06/06/2025 09:36,Gbagada General Hospital,"6.553814, 3.387771",Water insitu,Gbagada General hospital,,,,,,,,,,,,,,,,,,,,,,6.84,30.4,2.9,93,0.81
06/06/2025 10:46,Isolo General Hospital,"6.526713, 3.319028",Air Quality,Laboratory/engineering department,,,,2,0,0.03,404,0.24,0,48.7,5,,,,,,,,,,,,,,,
06/06/2025 10:57,Isolo General Hospital,"6.526800, 3.318951",Meterology,Labour department/engineering department,,,,,,,,,,,,,,36.3,24.1,26.4,84.3,1010.11,0.6,,,,,,,
06/06/2025 11:00,Isolo General Hospital,"6.526328, 3.319278",Air Quality,Dot clinic/Physiotherapy,,,,1,0,0.2,434,0.051,0,51.7,5,,,,,,,,,,,,,,,
06/06/2025 11:02,Isolo General Hospital,"6.526313, 3.319355",Meterology,Dot clinic/Physiotherapy,,,,,,,,,,,,,,36.4,25,27.3,84.7,1010.13,0.4,,,,,,,
06/06/2025 11:07,Isolo General Hospital,"6.527253, 3.319349",Air Quality,Accident/emergency/general clinic,,,,1,0.01,0.05,525,0.15,0,58.6,4,,,,,,,,,,,,,,,
06/06/2025 11:09,Isolo General Hospital,"6.527263, 3.319360",Meterology,Accident/emergency/general clinic,,,,,,,,,,,,,,34.4,24.6,27.1,83.2,1010.12,2.9,,,,,,,
06/06/2025 11:12,Isolo General Hospital,"6.527731, 3.319448",Air Quality,ENT clinic,,,,2,0,0.03,417,11,0,49.7,4,,,,,,,,,,,,,,,
06/06/2025 11:14,Isolo General Hospital,"6.527606, 3.319430",Meterology,EMT clinic,,,,,,,,,,,,,,34.8,23.8,25.3,85,1010.12,0.8,,,,,,,
06/06/2025 11:19,Isolo General Hospital,"6.527923, 3.318688",Air Quality,Mammography center/mothers/child care,,,,1,0,0.01,413,0.029,0,48.3,3,,,,,,,,,,,,,,,
06/06/2025 11:21,Isolo General Hospital,"6.527749, 3.318547",Meterology,Mammography center/mothers/child care,,,,,,,,,,,,,,24.9,24.9,27.2,84.5,1010.12,1.7,,,,,,,
06/06/2025 11:25,Isolo General Hospital,"6.526932, 3.318279",Air Quality,Mortuary,,,,1,0.01,0.04,459,0.043,0,63.4,3,,,,,,,,,,,,,,,
06/06/2025 11:27,Isolo General Hospital,"6.526916, 3.318291",Meterology,Mortuary,,,,,,,,,,,,,,33.4,22.7,86.7,86.7,1010.12,1.4,,,,,,,
06/06/2025 11:31,Isolo General Hospital,"6.526744, 3.319066",Water insitu,Isolo general hospital,,,,,,,,,,,,,,,,,,,,,,7.23,29.4,3.6,160,0.93
06/06/2025 12:26,Mushin General Hospital,"6.531493, 3.346121",Air Quality,Dental clinic/Physiotherapy,,,,2,0,0.03,408,0.016,0,48.4,3,,,,,,,,,,,,,,,
06/06/2025 12:28,Mushin General Hospital,"6.531463, 3.346207",Meterology,Dental clinic/Physiotherapy,,,,,,,,,,,,,,32.1,23.69,26.3,94.7,1010.11,1.8,,,,,,,
06/06/2025 12:31,Mushin General Hospital,"6.531409, 3.346027",Air Quality,Pharmacy/emergency,,,,1,0.01,0.04,423,0.012,10,52.8,5,,,,,,,,,,,,,,,
06/06/2025 12:34,Mushin General Hospital,"6.531385, 3.346013",Meterology,Pharmacy/emergency,,,,,,,,,,,,,,33.1,22.8,25.9,89.4,1010.11,0.9,,,,,,,
06/06/2025 12:36,Mushin General Hospital,"6.531395, 3.345928",Air Quality,Theater/male ward/female ward,,,,0,0,0.02,418,0.018,0,62.9,2,,,,,,,,,,,,,,,
06/06/2025 12:37,Mushin General Hospital,"6.531325, 3.345919",Meterology,Theatre/Male ward/female ward,,,,,,,,,,,,,,34.1,23.38,25.22,87.8,1010.11,1.4,,,,,,,
06/06/2025 12:40,Mushin General Hospital,"6.531137, 3.346087",Air Quality,Laboratory/accident/emergency,,,,2,0,0.03,427,0.035,0,59.8,3,,,,,,,,,,,,,,,
06/06/2025 12:42,Mushin General Hospital,"6.531268, 3.346101",Meterology,Laboratory/accident/emergency,,,,,,,,,,,,,,32.3,24,26.4,92.5,1010.11,1.2,,,,,,,
06/06/2025 12:45,Mushin General Hospital,"6.531132, 3.345985",Water insitu,Mushin general hospital,,,,,,,,,,,,,,,,,,,,,,6.78,31.7,2.4,87,1.42
06/06/2025 14:17,Harvey Road Hospital,"6.510859, 3.374651",Air Quality,Laboratory/Social welfare/Hart to Hart department,,,,1,0,0.01,415,0.026,0,49.7,3,,,,,,,,,,,,,,,
06/06/2025 14:21,Harvey Road Hospital,"6.510949, 3.374730",Meterology,Laboratory/Social Welfare/ Hart to Hart,,,,,,,,,,,,,,31.3,22.3,24.6,99.9,1010.13,0.4,,,,,,,
06/06/2025 14:25,Harvey Road Hospital,"6.510626, 3.374878",Air Quality,Consulting Room/male ward,,,,0,0,0.01,398,0.021,0,53.8,3,,,,,,,,,,,,,,,
06/06/2025 14:40,Harvey Road Hospital,"6.510846, 3.374891",Air Quality,Wards,,,,2,0.01,0.03,478,0.139,0,54.6,4,,,,,,,,,,,,,,,
06/06/2025 14:43,Harvey Road Hospital,"6.510783, 3.374863",Meterology,Wards,,,,,,,,,,,,,,31.1,23.7,27.2,99.9,1010.13,0.4,,,,,,,
06/06/2025 14:46,Harvey Road Hospital,"6.510394, 3.374823",Air Quality,Labour/Post Natal Ward,,,,2,0,0.04,486,0.162,0,55.8,2,,,,,,,,,,,,,,,
06/06/2025 14:49,Harvey Road Hospital,"6.510730, 3.374987",Meterology,Labour /Post Natal,,,,,,,,,,,,,,31.8,23.2,26.5,99.9,1010.13,0.7,,,,,,,
06/06/2025 14:53,Harvey Road Hospital,"6.510780, 3.374915",Air Quality,Theatre,,,,1,0.01,0.02,415,0.029,0,48.9,4,,,,,,,,,,,,,,,
06/06/2025 14:56,Harvey Road Hospital,"6.510844, 3.374882",Meterology,Theatre,,,,,,,,,,,,,,31.1,23.6,26.5,9.99,1010.13,1.2,,,,,,,
06/06/2025 14:58,Harvey Road Hospital,"6.510355, 3.375159",Water insitu,Harvey Road General hospital,,,,,,,,,,,,,,,,,,,,,,7.53,28.9,3.8,122,0.6
06/06/2025 15:08,Harvey Road Hospital,"6.510430, 3.374874",Air Quality,Entrance gate,,,,4,0.01,0.03,493,0.264,0,67.3,4,,,,,,,,,,,,,,,
06/06/2025 15:10,Harvey Road Hospital,"6.510390, 3.374850",Meterology,Entrance gate,,,,,,,,,,,,,,30.9,22.7,25.1,99.9,1010.13,1.3,,,,,,,
06/06/2025 15:38,Ebute Meta General Hospital,"6.488529, 3.384531",Air Quality,Dental,,,,2,0,0.04,438,0.041,0,52.7,3,,,,,,,,,,,,,,,
06/06/2025 15:40,Ebute Meta General Hospital,"6.488455, 3.384676",Meterology,Dental,,,,,,,,,,,,,,29.8,22.3,25.1,99.9,1010.14,0.8,,,,,,,
06/06/2025 15:42,Ebute Meta General Hospital,"6.488320, 3.385114",Air Quality,Pharmacy,,,,3,0.01,0.02,425,0.02,0,49.3,3,,,,,,,,,,,,,,,
06/06/2025 15:43,Ebute Meta General Hospital,"6.488221, 3.385085",Meterology,Pharmacy,,,,,,,,,,,,,,29.9,23.1,25.8,99.9,1010.13,0.5,,,,,,,
06/06/2025 15:45,Ebute Meta General Hospital,"6.487885, 3.385042",Air Quality,Consulting Room,,,,2,0,0.02,421,0.023,0,51.2,3,,,,,,,,,,,,,,,
06/06/2025 15:46,Ebute Meta General Hospital,"6.487875, 3.385045",Meterology,Pharmacy,,,,,,,,,,,,,,29.9,23.6,25.7,99.9,1010.14,0.3,,,,,,,
06/06/2025 15:49,Ebute Meta General Hospital,"6.488125, 3.385085",Air Quality,Entrance gate,,,,2,0,0.02,422,0.031,0,68.3,3,,,,,,,,,,,,,,,
06/06/2025 15:50,Ebute Meta General Hospital,"6.488075, 3.384907",Meterology,Entrance gate,,,,,,,,,,,,,,29,23.1,26.4,99.9,1010.13,1.9,,,,,,,
06/06/2025 15:54,Ebute Meta General Hospital,"6.488430, 3.384910",Water insitu,Ebute meta general hospital,,,,,,,,,,,,,,,,,,,,,,7.33,29.4,3.7,173,0.78
06/06/2025 16:48,Mainland General Hospital,"6.522839, 3.378042",Air Quality,Laboratory/ward,,,,1,0,0.02,461,0.054,0,52.3,4,,,,,,,,,,,,,,,
06/06/2025 16:52,Mainland General Hospital,"6.522998, 3.378032",Meterology,Laboratory/ward,,,,,,,,,,,,,,29.1,24.3,27.2,99.9,1010.12,3.2,,,,,,,
06/06/2025 16:53,Mainland General Hospital,"6.523527, 3.378124",Air Quality,Isolation ward,,,,1,0,0.03,423,0.037,0,52.6,3,,,,,,,,,,,,,,,
06/06/2025 16:57,Mainland General Hospital,"6.523590, 3.378129",Meterology,Isolation,,,,,,,,,,,,,,29.6,24.7,26.5,99.9,1010.12,2.3,,,,,,,
06/06/2025 17:01,Mainland General Hospital,"6.523201, 3.377639",Air Quality,Radiology/C ward,,,,2,0,0.01,411,0.017,0,58.3,4,,,,,,,,,,,,,,,
06/06/2025 17:02,Mainland General Hospital,"6.523156, 3.377617",Meterology,Radiology/C ward,,,,,,,,,,,,,,30.8,24.2,25.9,99.9,1010.13,1.2,,,,,,,
06/06/2025 17:04,Mainland General Hospital,"6.522737, 3.377482",Air Quality,Chest clinic/A ward,,,,2,0,0.03,420,0.017,0,63.4,3,,,,,,,,,,,,,,,
06/06/2025 17:06,Mainland General Hospital,"6.522743, 3.377500",Meterology,Chest clinic/A ward,,,,,,,,,,,,,,30.7,24.8,26.3,99.9,1010.13,0.7,,,,,,,
06/06/2025 17:09,Mainland General Hospital,"6.523184, 3.376381",Air Quality,Mortuary,,,,1,0,0.01,422,0.038,0,49.6,3,,,,,,,,,,,,,,,
06/06/2025 17:10,Mainland General Hospital,"6.523194, 3.376385",Meterology,Mortuary,,,,,,,,,,,,,,30.7,24,25.9,99.9,1010.12,0.9,,,,,,,
06/06/2025 17:14,Mainland General Hospital,"6.522786, 3.376799",Air Quality,Engineering/accounting,,,,1,0,0.02,415,0.018,0,52.6,2,,,,,,,,,,,,,,,
06/06/2025 17:15,Mainland General Hospital,"6.522775, 3.376798",Meterology,Engineering/accounting,,,,,,,,,,,,,,30.2,23.9,25.7,99.9,1010.13,1.6,,,,,,,
06/06/2025 17:20,Mainland General Hospital,"6.522768, 3.376934",Water insitu,Mainland General hospital,,,,,,,,,,,,,,,,,,,,,,7.72,31.4,4.1,126,1.3
06/07/2025 12:03,MCC Eti Osa,"6.463063, 3.584694",Water insitu,MCC OTI OSA general hospital,,,,,,,,,,,,,,,,,,,,,,7.68,29.3,3.8,132,0.94
06/07/2025 12:07,MCC Eti Osa,"6.463064, 3.584757",Air Quality,Oxygen room/pharmacy store /engineering department/emergency entrance,,,,3,0.01,0.03,485,0.069,0,53.2,4,,,,,,,,,,,,,,,
06/07/2025 12:09,MCC Eti Osa,"6.462956, 3.585022",Meterology,Oxygen room/pharmacy store/engineering department/emergency entrance,,,,,,,,,,,,,,31.5,22.8,25,92.8,1010.9,0.7,,,,,,,
06/07/2025 12:12,MCC Eti Osa,"6.462699, 3.584863",Air Quality,Laboratory,,,,1,0,0.02,493,0.086,0,59.3,4,,,,,,,,,,,,,,,
06/07/2025 12:15,MCC Eti Osa,"6.462716, 3.584816",Meterology,Laboratory,,,,,,,,,,,,,,32.9,23.1,25.4,87.7,1010.9,0.8,,,,,,,
06/07/2025 12:16,MCC Eti Osa,"6.462518, 3.584839",Air Quality,Physiotherapy department/paediatric emergency,,,,3,0.01,0.04,472,0.163,0,57.8,5,,,,,,,,,,,,,,,
06/07/2025 12:18,MCC Eti Osa,"6.462516, 3.584847",Meterology,Physiotherapy department/paediatric emergency,,,,,,,,,,,,,,33.5,23.7,25.5,84.9,1010.9,1.4,,,,,,,
06/07/2025 12:21,MCC Eti Osa,"6.462563, 3.585490",Air Quality,Cantee,,,,2,0,0.02,456,0.082,0,64.5,4,,,,,,,,,,,,,,,
06/07/2025 12:22,MCC Eti Osa,"6.462567, 3.585471",Meterology,Canteen,,,,,,,,,,,,,,34.8,23.4,26,81.6,1010.9,0.6,,,,,,,
06/07/2025 12:25,MCC Eti Osa,"6.462970, 3.585207",Air Quality,Car park,,,,4,0.01,0.05,489,0.144,0,69.7,5,,,,,,,,,,,,,,,
06/07/2025 12:26,MCC Eti Osa,"6.463083, 3.585136",Meterology,Car park,,,,,,,,,,,,,,34.5,23.1,25.8,82,1010.9,0.7,,,,,,,
06/07/2025 13:45,Ibeju Lekki General Hospital,"6.486718, 3.890778",Air Quality,Oxygen centre,,,,3,0,0.02,406,0.025,0,48.7,6,,,,,,,,,,,,,,,
06/07/2025 13:57,Ibeju Lekki General Hospital,"6.486427, 3.890808",Meterology,Oxygen centre,,,,,,,,,,,,,,35.5,23.6,26.2,84.8,1010.12,0.5,,,,,,,
06/07/2025 13:58,Ibeju Lekki General Hospital,"6.486665, 3.890847",Air Quality,Ward,,,,1,0,0.02,431,0.015,0,51.3,5,,,,,,,,,,,,,,,
06/07/2025 14:01,Ibeju Lekki General Hospital,"6.486637, 3.890887",Meterology,Ward,,,,,,,,,,,,,,36.1,22.8,24.7,80.2,1010.12,0.4,,,,,,,
06/07/2025 14:07,Ibeju Lekki General Hospital,"6.487015, 3.891313",Air Quality,Staff quarter,,,,1,0 00,0.03,426,0.04,0,57.3,7,,,,,,,,,,,,,,,
06/07/2025 14:09,Ibeju Lekki General Hospital,"6.486938, 3.891372",Meterology,Staff quarter,,,,,,,,,,,,,,36.1,22.8,24.6,81.9,1010.12,0.6,,,,,,,
06/07/2025 14:11,Ibeju Lekki General Hospital,"6.486752, 3.890886",Air Quality,Entrance gate,,,,0,0,0.01,401,0.018,0,49.8,7,,,,,,,,,,,,,,,
06/07/2025 14:13,Ibeju Lekki General Hospital,"6.486747, 3.890890",Meterology,Entrance gate,,,,,,,,,,,,,,34,23.2,25.4,86.1,1010.12,0.8,,,,,,,
06/07/2025 14:14,Ibeju Lekki General Hospital,"6.486941, 3.890908",Water insitu,Ibeju-lekki General hospital,,,,,,,,,,,,,,,,,,,,,,7.56,32.4,4.1,127,1.07
06/07/2025 17:58,Orchid Road General Hospital,"6.435372, 3.542944",Air Quality,Car park,,,,1,0,0.02,423,0.019,0,51.4,5,,,,,,,,,,,,,,,
06/07/2025 18:00,Orchid Road General Hospital,"6.435329, 3.543018",Meterology,Car park,,,,,,,,,,,,,,32.6,23.1,25.7,79.4,1010.13,0.6,,,,,,,
06/07/2025 18:11,Orchid Road General Hospital,"6.435436, 3.543151",Air Quality,Reception,,,,3,0,0.02,432,0.028,0,57.3,4,,,,,,,,,,,,,,,
06/07/2025 18:13,Orchid Road General Hospital,"6.435406, 3.543068",Meterology,Reception,,,,,,,,,,,,,,31.1,23.7,25.5,94.1,1010.13,0.8,,,,,,,
06/07/2025 18:17,Orchid Road General Hospital,"6.435440, 3.543275",Air Quality,Back of hospital building,,,,1,0,0.02,408,0.013,0,49.7,3,,,,,,,,,,,,,,,
06/07/2025 18:18,Orchid Road General Hospital,"6.435442, 3.543275",Meterology,Back of hospital building,,,,,,,,,,,,,,30.1,22.7,24.6,98.1,1010.13,0.4,,,,,,,
06/07/2025 18:21,Orchid Road General Hospital,"6.435576, 3.543174",Air Quality,Private ward,,,,3,0,0.03,418,0.022,0,59.7,4,,,,,,,,,,,,,,,
06/07/2025 18:22,Orchid Road General Hospital,"6.435538, 3.543182",Meterology,Private ward,,,,,,,,,,,,,,29.7,23.3,25.9,98.7,1010.12,0.6,,,,,,,
06/07/2025 18:24,Orchid Road General Hospital,"6.435516, 3.543242",Water insitu,Ochi Road General hospital,,,,,,,,,,,,,,,,,,,,,,7.23,29.8,3.7,114,0.21
06/08/2025 15:11,Randle General Hospital,"6.508024, 3.357171",Air Quality,Bacteriology lab/dental centre,,,,2,0,0.03,443,0.032,0,71.2,8,,,,,,,,,,,,,,,
06/08/2025 15:16,Randle General Hospital,"6.508016, 3.357146",Meterology,Bacteriology/Dental centre,,,,,,,,,,,,,,34.1,23.8,25.6,85.3,1010.1,1.2,,,,,,,
06/08/2025 15:18,Randle General Hospital,"6.508217, 3.357117",Air Quality,Radiology/engineering department,,,,4,0.01,0.05,466,0.038,0,74.9,8,,,,,,,,,,,,,,,
06/08/2025 15:20,Randle General Hospital,"6.508231, 3.357113",Meterology,Radiology/engineering department,,,,,,,,,,,,,,34.5,23.8,26.2,84.7,1010.1,0.8,,,,,,,
06/08/2025 15:23,Randle General Hospital,"6.508483, 3.357473",Air Quality,Accident and emergency/waiting area,,,,3,0.01,0.02,422,0.039,0,58.3,7,,,,,,,,,,,,,,,
06/08/2025 15:24,Randle General Hospital,"6.508391, 3.357509",Meterology,Accident and emergency/waiting area,,,,,,,,,,,,,,35.3,24.2,25.8,86.3,1010.11,0.6,,,,,,,
06/08/2025 15:26,Randle General Hospital,"6.508543, 3.357227",Air Quality,Outpatient department/entrance gate,,,,2,0,0.03,410,0.028,0,63.8,6,,,,,,,,,,,,,,,
06/08/2025 15:28,Randle General Hospital,"6.508698, 3.357266",Meterology,Outpatient department/entrance gate,,,,,,,,,,,,,,33.1,23.4,25.4,89.6,1010.1,1.4,,,,,,,
06/08/2025 15:31,Randle General Hospital,"6.508269, 3.357847",Air Quality,Male surgical ward/kitchen,,,,1,0,0.01,411,0.018,0,53.8,6,,,,,,,,,,,,,,,
06/08/2025 15:32,Randle General Hospital,"6.508280, 3.357838",Meterology,Male surgical ward/kitchen,,,,,,,,,,,,,,33.4,23.7,24.9,88.5,1010.11,0.5,,,,,,,
06/08/2025 15:34,Randle General Hospital,"6.508187, 3.357749",Air Quality,Physiotherapy department,,,,2,0.01,0.03,597,0.215,0,51.2,6,,,,,,,,,,,,,,,
06/08/2025 15:35,Randle General Hospital,"6.508248, 3.357753",Meterology,Physiotherapy department,,,,,,,,,,,,,,33.5,22.7,25.1,86.6,1010.11,1.3,,,,,,,
06/08/2025 15:37,Randle General Hospital,"6.508150, 3.357610",Water insitu,Randle General hospital,,,,,,,,,,,,,,,,,,,,,,6.78,33.2,4.3,142,0.82
06/08/2025 15:59,MCC Gbaja,"6.504601, 3.359704",Air Quality,Antenatal section,,,,3,0.01,0.04,437,0.032,0,64.5,7,,,,,,,,,,,,,,,
06/08/2025 16:00,MCC Gbaja,"6.504655, 3.359672",Meterology,Antenatal section,,,,,,,,,,,,,,35.8,23.2,24.9,80.1,1010.11,1.6,,,,,,,
06/08/2025 16:02,MCC Gbaja,"6.504724, 3.359749",Air Quality,Engineering department,,,,1,0,0.02,425,0.026,0,63.8,7,,,,,,,,,,,,,,,
06/08/2025 16:03,MCC Gbaja,"6.504643, 3.359747",Meterology,Engineering department,,,,,,,,,,,,,,36.7,22.6,24.3,77.5,1010.11,0.4,,,,,,,
06/08/2025 16:04,MCC Gbaja,"6.504413, 3.359493",Air Quality,Entrance gate/car park,,,,4,0.01,0.05,485,0.042,0,69.8,8,,,,,,,,,,,,,,,
06/08/2025 16:06,MCC Gbaja,"6.504414, 3.359494",Meterology,Entrance gate/Car park,,,,,,,,,,,,,,35.5,23.4,25.7,79.4,1010.11,1.7,,,,,,,
06/08/2025 16:07,MCC Gbaja,"6.504398, 3.359614",Air Quality,Oxygen room/waiting area,,,,2,0,0.02,406,0.024,0,55.9,7,,,,,,,,,,,,,,,
06/08/2025 16:09,MCC Gbaja,"6.504304, 3.359623",Meterology,Oxygen room/waiting area,,,,,,,,,,,,,,36.2,23.4,25.6,80,1010.1,0.6,,,,,,,
06/08/2025 16:10,MCC Gbaja,"6.504307, 3.359622",Water insitu,MCC Gbaja,,,,,,,,,,,,,,,,,,,,,,7.23,32.7,3.4,153,0.52
06/08/2025 16:36,Femi Gbajabiamila General Hospital,"6.501318, 3.365691",Air Quality,Engineering department,,,,1,0,0.01,409,0.033,0,49.8,6,,,,,,,,,,,,,,,
06/08/2025 16:37,Femi Gbajabiamila General Hospital,"6.501316, 3.365632",Meterology,Engineering,,,,,,,,,,,,,,33.6,22.3,24.5,86.2,1010.1,1.1,,,,,,,
06/08/2025 16:39,Femi Gbajabiamila General Hospital,"6.500954, 3.365786",Air Quality,Emergency entrance,,,,1,0,0.01,404,0.018,0,58.2,4,,,,,,,,,,,,,,,
06/08/2025 16:40,Femi Gbajabiamila General Hospital,"6.500944, 3.365843",Meterology,Emergency entrance,,,,,,,,,,,,,,32.6,22.7,23.9,88.7,1010.11,2.3,,,,,,,
06/08/2025 16:42,Femi Gbajabiamila General Hospital,"6.500926, 3.366254",Air Quality,Back of hospital building,,,,2,0.01,0.03,411,0.027,0,52.8,4,,,,,,,,,,,,,,,
06/08/2025 16:43,Femi Gbajabiamila General Hospital,"6.500882, 3.366192",Meterology,Back of hospital building,,,,,,,,,,,,,,32.6,23.4,25.1,89.6,1010.11,0.5,,,,,,,
06/08/2025 16:45,Femi Gbajabiamila General Hospital,"6.501350, 3.366164",Air Quality,Entrance gate/car park,,,,4,0.01,0.04,444,0.057,0,56.3,5,,,,,,,,,,,,,,,
06/08/2025 16:46,Femi Gbajabiamila General Hospital,"6.501411, 3.366171",Meterology,Entrance gate/Car park,,,,,,,,,,,,,,32.8,23.6,26.3,88.8,1010.1,1.2,,,,,,,
06/08/2025 17:32,Shomolu General Hospital,"6.536538, 3.372253",Air Quality,Post Natal/labour ward,,,,2,0.01,0.03,416,0.019,0,52.7,4,,,,,,,,,,,,,,,
06/08/2025 17:36,Shomolu General Hospital,"6.536512, 3.372207",Meterology,Post Natal/labour ward,,,,,,,,,,,,,,35.4,22.6,24.6,81.8,1010.9,0.7,,,,,,,
06/08/2025 17:37,Shomolu General Hospital,"6.536564, 3.372176",Air Quality,Radiology department/pharmacy,,,,3,0.01,0.04,427,0.31,0,49.8,5,,,,,,,,,,,,,,,
06/08/2025 17:39,Shomolu General Hospital,"6.536566, 3.372102",Meterology,Radiology department/pharmacy,,,,,,,,,,,,,,36.1,22.9,24.4,78.5,1010.9,1.1,,,,,,,
06/08/2025 17:40,Shomolu General Hospital,"6.536484, 3.371934",Air Quality,Accident Emergency/GOPD emergency,,,,2,0,0.01,422,0.021,0,52.3,5,,,,,,,,,,,,,,,
06/08/2025 17:42,Shomolu General Hospital,"6.536475, 3.371954",Meterology,Accident and emergency/GOPD emergency,,,,,,,,,,,,,,34.7,22.8,24.7,83.6,1010.1,0.6,,,,,,,
06/08/2025 17:44,Shomolu General Hospital,"6.536168, 3.372212",Air Quality,Female and Male ward /consulting room,,,,3,0.01,0.04,463,0.041,0,52.7,4,,,,,,,,,,,,,,,
06/08/2025 17:45,Shomolu General Hospital,"6.536172, 3.372261",Meterology,Female and Male ward/consulting Room,,,,,,,,,,,,,,34.6,22.9,24.6,83.9,1010.9,0.4,,,,,,,
06/08/2025 17:47,Shomolu General Hospital,"6.536220, 3.372179",Water insitu,Shomolu General hospital,,,,,,,,,,,,,,,,,,,,,,6.85,30.9,2.8,87,0.72
06/09/2025 11:55,Ketu Ejirin General Hospital,"6.633073, 3.876167",Air Quality,Engineering department/generator plant,,,,0,0,0.01,395,0.015,0,47.8,7,,,,,,,,,,,,,,,
06/09/2025 11:57,Ketu Ejirin General Hospital,"6.633044, 3.876165",Meterology,Engineering department/generator plant,,,,,,,,,,,,,,39.9,21.3,23.2,69.4,1010.5,1.7,,,,,,,
06/09/2025 11:59,Ketu Ejirin General Hospital,"6.633371, 3.875538",Air Quality,X-ray/conference room,,,,0,0,0.01,393,0.022,0,48.6,7,,,,,,,,,,,,,,,
06/09/2025 12:01,Ketu Ejirin General Hospital,"6.633258, 3.875666",Meterology,X-ray/conference room,,,,,,,,,,,,,,41.8,20.6,21.9,64.3,1010.5,0.8,,,,,,,
06/09/2025 12:04,Ketu Ejirin General Hospital,"6.633829, 3.875762",Air Quality,Administrative department/Laboratory,,,,1,0,0.02,423,0.038,0,48.7,8,,,,,,,,,,,,,,,
06/09/2025 12:05,Ketu Ejirin General Hospital,"6.633825, 3.875750",Meterology,Administrative department/Laboratory,,,,,,,,,,,,,,41.1,21.9,24.1,66.8,1010.5,0.5,,,,,,,
06/09/2025 12:07,Ketu Ejirin General Hospital,"6.634213, 3.875767",Air Quality,Medical record/canteen,,,,1,0,0.01,420,0.033,0,51.3,8,,,,,,,,,,,,,,,
06/09/2025 12:08,Ketu Ejirin General Hospital,"6.634184, 3.875775",Meterology,Medical record/canteen,,,,,,,,,,,,,,39.2,22.3,23.8,68.2,1010.5,1.4,,,,,,,
06/09/2025 12:10,Ketu Ejirin General Hospital,"6.634187, 3.875777",Air Quality,DOPD/emergency,,,,1,0,0.02,402,0.019,0,56.2,9,,,,,,,,,,,,,,,
06/09/2025 12:11,Ketu Ejirin General Hospital,"6.634326, 3.875837",Meterology,DOPD/Emergency,,,,,,,,,,,,,,39.5,22.4,24,66.6,1010.6,0.5,,,,,,,
06/09/2025 12:13,Ketu Ejirin General Hospital,"6.634427, 3.876002",Air Quality,Theatre/store,,,,2,0,0.03,426,0.029,0,48.6,8,,,,,,,,,,,,,,,
06/09/2025 12:14,Ketu Ejirin General Hospital,"6.634431, 3.875979",Meterology,Theatre/store,,,,,,,,,,,,,,37.3,21.9,23.7,71.1,1010.5,0.9,,,,,,,
06/09/2025 12:32,Ketu Ejirin General Hospital,"6.636338, 3.875670",Water insitu,Ketu-Ejinre General hospital,,,,,,,,,,,,,,,,,,,,,,7.31,32.4,2.4,132,0.37
06/09/2025 14:08,Agbowa General Hospital,"6.637152, 3.714696",Air Quality,Engineering office/plant/conference room/canteen,,,,4,0.01,0.04,465,0.047,0,73.6,9,,,,,,,,,,,,,,,
06/09/2025 14:10,Agbowa General Hospital,"6.637095, 3.714638",Meterology,Engineering room/plant/conference room/canteen,,,,,,,,,,,,,,36.7,22.9,25.1,73.9,1010.8,2.4,,,,,,,
06/09/2025 14:14,Agbowa General Hospital,"6.637302, 3.715171",Air Quality,Doctor quarters/staff quarters,,,,1,0,0.02,411,0.026,0,49.3,9,,,,,,,,,,,,,,,
06/09/2025 14:16,Agbowa General Hospital,"6.637387, 3.715229",Meterology,Doctor quarters/staff quarters,,,,,,,,,,,,,,37.5,23.3,25.5,75,1010.8,2.7,,,,,,,
06/09/2025 14:19,Agbowa General Hospital,"6.637669, 3.714891",Air Quality,Dental Clinic/Male & Female/ X ray,,,,2,0.01,0.04,519,0.142,0,51.79,10,,,,,,,,,,,,,,,
06/09/2025 14:22,Agbowa General Hospital,"6.637565, 3.714729",Meterology,Dental Clinic/Male & Female/ X ray,,,,,,,,,,,,,,39.2,23.4,26,69.5,1010.9,0.4,,,,,,,
06/09/2025 14:24,Agbowa General Hospital,"6.637750, 3.714632",Air Quality,Pharmacy store/Waiting room/Driver,,,,3,0,0.03,496,0.109,0,63.4,10,,,,,,,,,,,,,,,
06/09/2025 14:27,Agbowa General Hospital,"6.637768, 3.714596",Meterology,Pharmacy store/Waiting room/Driver,,,,,,,,,,,,,,39.8,23.7,26.3,72.7,1010.8,3.2,,,,,,,
06/09/2025 14:29,Agbowa General Hospital,"6.637578, 3.714412",Air Quality,Eye clinic/consulting Room/Record,,,,1,0,0.02,460,0.055,0,57.8,10,,,,,,,,,,,,,,,
06/09/2025 14:31,Agbowa General Hospital,"6.637577, 3.714413",Meterology,Eye clinic/consulting Room/Record,,,,,,,,,,,,,,38.1,23.7,26.2,73.1,1010.9,2.4,,,,,,,
06/09/2025 14:34,Agbowa General Hospital,"6.637264, 3.714411",Air Quality,Store/Account/Auditor,,,,4,0,0.04,474,0.108,0,67.8,10,,,,,,,,,,,,,,,
06/09/2025 14:36,Agbowa General Hospital,"6.637003, 3.714754",Meterology,Store/Account/Auditor,,,,,,,,,,,,,,38.3,23.5,24.8,68.3,1010.9,2.7,,,,,,,
06/09/2025 14:37,Agbowa General Hospital,"6.637232, 3.714497",Water insitu,Agbowa General hospital,,,,,,,,,,,,,,,,,,,,,,6.59,34.7,4.6,152,0.18
06/09/2025 15:26,General Hospital Imota,"6.657687, 3.667957",Air Quality,Laboratory/Radiology,,,,2,0.01,0.03,433,0.041,0,48.7,9,,,,,,,,,,,,,,,
06/09/2025 15:28,General Hospital Imota,"6.657751, 3.667937",Meterology,Laboratory/Radiology,,,,,,,,,,,,,,36.4,22.2,24.6,75.3,1010.1,1.3,,,,,,,
06/09/2025 15:30,General Hospital Imota,"6.658114, 3.668101",Air Quality,Male/Female/post Natal Ward,,,,1,0,0.02,403,0.019,0,47.2,9,,,,,,,,,,,,,,,
06/09/2025 15:33,General Hospital Imota,"6.657996, 3.668344",Meterology,Male/Female/post Natal Ward,,,,,,,,,,,,,,39.4,21.8,23.2,71.3,1010.1,1.2,,,,,,,
06/09/2025 15:35,General Hospital Imota,"6.658315, 3.668394",Air Quality,Emergency/children ward/consulting Room,,,,2,0,0.01,410,0.022,0,62.7,8,,,,,,,,,,,,,,,
06/09/2025 15:38,General Hospital Imota,"6.658277, 3.668391",Meterology,Emergency/children ward/consulting Room,,,,,,,,,,,,,,31.9,21.6,23.4,69.9,1010.9,1.8,,,,,,,
06/09/2025 15:40,General Hospital Imota,"6.658044, 3.668621",Air Quality,Engineering,,,,2,0,0.02,423,0.048,0,53.2,8,,,,,,,,,,,,,,,
06/09/2025 15:41,General Hospital Imota,"6.658052, 3.668620",Meterology,Engineering,,,,,,,,,,,,,,35,22.1,23.7,78.1,1010.1,1.7,,,,,,,
06/09/2025 15:43,General Hospital Imota,"6.657963, 3.668982",Air Quality,Entrance gate,,,,4,0.01,0.04,448,0.066,0,56.7,7,,,,,,,,,,,,,,,
06/09/2025 15:45,General Hospital Imota,"6.657967, 3.668980",Meterology,Entrance gate,,,,,,,,,,,,,,35.6,22,24.3,76,1010.9,0.6,,,,,,,
06/09/2025 17:06,Ikorodu General Hospital,"6.609413, 3.500028",Air Quality,Engineering department/store/laundry,,,,2,0,0.03,447,0.042,0,53.8,6,,,,,,,,,,,,,,,
06/09/2025 17:07,Ikorodu General Hospital,"6.609415, 3.500041",Meterology,Engineering department/store/laundry,,,,,,,,,,,,,,31.9,22.7,24.3,87.2,1010.11,3.2,,,,,,,
06/09/2025 17:09,Ikorodu General Hospital,"6.608851, 3.499781",Air Quality,Heart to heart centre/kitchen,,,,3,0,0.03,438,0.052,0,49.9,5,,,,,,,,,,,,,,,
06/09/2025 17:11,Ikorodu General Hospital,"6.608821, 3.499803",Meterology,Heart to heart centre/kitchen,,,,,,,,,,,,,,31.2,22.4,24.7,90.8,1010.11,0.8,,,,,,,
06/09/2025 17:13,Ikorodu General Hospital,"6.608495, 3.499489",Air Quality,Pharmacy/chest clinic,,,,1,0,0.01,402,0.018,0,53.1,4,,,,,,,,,,,,,,,
06/09/2025 17:15,Ikorodu General Hospital,"6.608491, 3.499465",Meterology,Pharmacy/chest clinic,,,,,,,,,,,,,,31.6,23.4,25.9,89.4,1010.1,0.7,,,,,,,
06/09/2025 17:16,Ikorodu General Hospital,"6.608057, 3.499895",Air Quality,Physiotherapy/Laboratory/orthopedic,,,,2,0,0.02,415,0.023,0,48.6,4,,,,,,,,,,,,,,,
06/09/2025 17:19,Ikorodu General Hospital,"6.608059, 3.499896",Meterology,Physiotherapy/Laboratory/orthopedic,,,,,,,,,,,,,,31.2,22.8,25.2,90.8,1010.11,0.9,,,,,,,
06/09/2025 17:21,Ikorodu General Hospital,"6.607772, 3.499496",Air Quality,Doctors quarters/mosque,,,,4,0.01,0.05,446,0.047,0,53.3,5,,,,,,,,,,,,,,,
06/09/2025 17:23,Ikorodu General Hospital,"6.607690, 3.499497",Meterology,Doctors quarters/mosque,,,,,,,,,,,,,,31.8,22.9,24.4,90.4,1010.11,1.9,,,,,,,
06/09/2025 17:25,Ikorodu General Hospital,"6.607973, 3.499250",Air Quality,MCC,,,,1,0,0.01,410,0.026,0,56.9,5,,,,,,,,,,,,,,,
06/09/2025 17:27,Ikorodu General Hospital,"6.607968, 3.499226",Meterology,MCC,,,,,,,,,,,,,,31.2,23.7,25.4,92.9,1010.1,2.4,,,,,,,
06/09/2025 17:28,Ikorodu General Hospital,"6.608315, 3.499053",Air Quality,Male and female wards,,,,2,0,0.01,426,0.031,0,52.4,4,,,,,,,,,,,,,,,
06/09/2025 17:29,Ikorodu General Hospital,"6.608315, 3.499053",Meterology,Male and female wards,,,,,,,,,,,,,,31.5,23.4,25.6,91.7,1010.11,1.2,,,,,,,
06/09/2025 17:32,Ikorodu General Hospital,"6.608900, 3.499189",Air Quality,Dental/Eye Clinic,,,,4,0.01,0.04,447,0.042,0,58.6,4,,,,,,,,,,,,,,,
06/09/2025 17:34,Ikorodu General Hospital,"6.608899, 3.499198",Meterology,Dental/eye clinic,,,,,,,,,,,,,,31.5,23.1,24.8,92.1,1010.11,1.4,,,,,,,
06/09/2025 17:35,Ikorodu General Hospital,"6.608940, 3.499220",Air Quality,Accident and emergency,,,,4,0.01,0.05,430,0.047,0,62.9,4,,,,,,,,,,,,,,,
06/09/2025 17:36,Ikorodu General Hospital,"6.609057, 3.499345",Meterology,Accident and emergency,,,,,,,,,,,,,,31.7,22.9,24.5,90.7,1010.11,1.7,,,,,,,
06/09/2025 17:38,Ikorodu General Hospital,"6.609191, 3.499520",Water insitu,Ikorodu General hospital,,,,,,,,,,,,,,,,,,,,,,7.25,31.8,2.9,147,0.18
06/10/2025 08:52,Accident & Emergency,"6.604702, 3.373658",Air Quality,Waiting area,,,,2,0,0.05,465,0.053,0,63.5,2,,,,,,,,,,,,,,,
06/10/2025 08:55,Accident & Emergency,"6.604732, 3.373581",Meterology,Waiting area,,,,,,,,,,,,,,29.1,24.6,26.2,99.9,1010.8,0.6,,,,,,,
06/10/2025 08:56,Accident & Emergency,"6.604739, 3.373550",Air Quality,Waiting area/car park,,,,6,0.01,0.06,513,0.121,0,62.7,2,,,,,,,,,,,,,,,
06/10/2025 08:59,Accident & Emergency,"6.604911, 3.373470",Meterology,Waiting area/car park,,,,,,,,,,,,,,28.7,24.24,26.7,99.9,1010.9,1.4,,,,,,,
06/10/2025 09:00,Accident & Emergency,"6.604234, 3.373848",Air Quality,Engineering office,,,,2,0.01,0.03,467,0.11,0,64.7,4,,,,,,,,,,,,,,,
06/10/2025 09:14,Accident & Emergency,"6.604233, 3.373850",Meterology,Engineering office,,,,,,,,,,,,,,30.1,23.8,25.5,97.9,1010.8,0.8,,,,,,,
06/10/2025 09:18,Accident & Emergency,"6.605229, 3.373073",Air Quality,Ambulance point/emergency entrance/reception,,,,2,0.01,0.06,490,0.015,0,67.3,3,,,,,,,,,,,,,,,
06/10/2025 09:19,Accident & Emergency,"6.605200, 3.373082",Meterology,Ambulance point/emergency entrance/reception,,,,,,,,,,,,,,30.8,24.2,25.8,94.9,1010.9,0.6,,,,,,,
06/10/2025 10:51,Asiwaju Bola Ahmed Tinubu Comprehensive Health Centre,"6.464817, 3.327827",Air Quality,Pharmacy,,,,4 pp,0.01,0.05,455,0.047,0,58.7,7,,,,,,,,,,,,,,,
06/10/2025 10:52,Asiwaju Bola Ahmed Tinubu Comprehensive Health Centre,"6.464815, 3.327834",Meterology,Pharmacy,,,,,,,,,,,,,,31.2,23.4,25.7,94.9,1010.7,0.6,,,,,,,
06/10/2025 10:53,Asiwaju Bola Ahmed Tinubu Comprehensive Health Centre,"6.464674, 3.327987",Air Quality,Back of hospital building,,,,3,0.01,0.03,428,0.037,0,64.1,6,,,,,,,,,,,,,,,
06/10/2025 10:56,Asiwaju Bola Ahmed Tinubu Comprehensive Health Centre,"6.464654, 3.328031",Meterology,Back of hospital building,,,,,,,,,,,,,,36.4,23.2,25.5,79.1,1010.9,0.4,,,,,,,
06/10/2025 10:57,Asiwaju Bola Ahmed Tinubu Comprehensive Health Centre,"6.464704, 3.328027",Air Quality,Entrance gate/generator plant,,,,5,0.02,0.06,567,0.346,0,78.9,7,,,,,,,,,,,,,,,
06/10/2025 10:59,Asiwaju Bola Ahmed Tinubu Comprehensive Health Centre,"6.465001, 3.328018",Meterology,Entrance gate/generator plant,,,,,,,,,,,,,,39.8,22.7,24.3,67.3,1010.9,1.7,,,,,,,
06/10/2025 11:02,Asiwaju Bola Ahmed Tinubu Comprehensive Health Centre,"6.465000, 3.328013",Water insitu,Asiwaju Bola Ahmed Tinubu comprehensive Health center,,,,,,,,,,,,,,,,,,,,,,6.75,31.2,2.9,164,0.11
06/10/2025 11:37,Ajeromi General Hospital,"6.455375, 3.332616",Air Quality,Generator room,,,,4,0.01,0.03,461,0.057,0,51.9,8,,,,,,,,,,,,,,,
06/10/2025 11:39,Ajeromi General Hospital,"6.455397, 3.332648",Meterology,Generator room,,,,,,,,,,,,,,33.7,22.6,23.9,85.5,1010.9,0.5,,,,,,,
06/10/2025 11:43,Ajeromi General Hospital,"6.455167, 3.332890",Air Quality,Laboratory/emergency entrance/X-ray,,,,2,0.01,0.03,405,0.021,0,53.8,8,,,,,,,,,,,,,,,
06/10/2025 11:45,Ajeromi General Hospital,"6.455070, 3.332857",Meterology,Laboratory/emergency entrance/X-ray,,,,,,,,,,,,,,35.3,32.4,23.7,80.7,1010.9,1.7,,,,,,,
06/10/2025 11:48,Ajeromi General Hospital,"6.455284, 3.333250",Air Quality,Waiting area,,,,2,0,0.01,409,0.023,0,69.7,7,,,,,,,,,,,,,,,
06/10/2025 11:49,Ajeromi General Hospital,"6.455284, 3.333263",Meterology,Waiting area,,,,,,,,,,,,,,35.8,21.8,23.6,78.7,1010.9,2.6,,,,,,,
06/10/2025 11:51,Ajeromi General Hospital,"6.455249, 3.333684",Air Quality,Consulting Room/Car park,,,,5,0.01,0.03,461,0.056,0,54.8,7,,,,,,,,,,,,,,,
06/10/2025 11:53,Ajeromi General Hospital,"6.455272, 3.333610",Meterology,Consulting Room/Car park,,,,,,,,,,,,,,34.5,22,23.7,82.4,1010.8,0.4,,,,,,,
06/10/2025 11:54,Ajeromi General Hospital,"6.455431, 3.333724",Air Quality,Oxygen room,,,,2,0,0.01,414,0.028,0,69.7,6,,,,,,,,,,,,,,,
06/10/2025 11:56,Ajeromi General Hospital,"6.455450, 3.333690",Meterology,Oxygen,,,,,,,,,,,,,,36.3,21.8,23.3,77.3,1010.9,3.2,,,,,,,
06/10/2025 11:57,Ajeromi General Hospital,"6.455442, 3.333662",Water insitu,Ajeromi General hospital,,,,,,,,,,,,,,,,,,,,,,7.21,29.7,1.9,8710,O.09
06/10/2025 12:35,Apapa General Hospital,"6.441892, 3.369178",Air Quality,Pharmacy/Physiotherapy,,,,1,0,0.03,427,0.033,0,52.7,9,,,,,,,,,,,,,,,
06/10/2025 12:36,Apapa General Hospital,"6.441883, 3.369108",Meterology,Pharmacy/Physiotherapy,,,,,,,,,,,,,,36.9,22.8,25,77.9,1010.1,0.5,,,,,,,
06/10/2025 12:39,Apapa General Hospital,"6.442026, 3.368910",Air Quality,Car park/reception,,,,5,0.01,0.05,424,0.026,0,49.7,8,,,,,,,,,,,,,,,
06/10/2025 12:40,Apapa General Hospital,"6.442037, 3.368863",Meterology,Car park/reception,,,,,,,,,,,,,,43.3,21.7,23.4,65.1,1010.1,1.1,,,,,,,
06/10/2025 12:43,Apapa General Hospital,"6.442024, 3.368654",Air Quality,Oxygen/Male ward,,,,1,0,0.02,405,0.018,0,49.6,7,,,,,,,,,,,,,,,
06/10/2025 12:44,Apapa General Hospital,"6.442010, 3.368668",Meterology,Oxygen/male ward,,,,,,,,,,,,,,41.6,21.8,23.6,65.7,1010.9,1.4,,,,,,,
06/10/2025 12:46,Apapa General Hospital,"6.442129, 3.368427",Air Quality,Women ward,,,,1,0,0.01,406,0.016,0,48.7,9,,,,,,,,,,,,,,,
06/10/2025 12:47,Apapa General Hospital,"6.442120, 3.368442",Meterology,Female ward,,,,,,,,,,,,,,40.8,21.6,23.4,66.1,1010.8,0.7,,,,,,,
06/10/2025 12:48,Apapa General Hospital,"6.442131, 3.368496",Water insitu,Papa General hospital,,,,,,,,,,,,,,,,,,,,,,7.1,34.2,3.2,93,0.23
06/10/2025 14:05,MCC Amuwo Odofin,"6.462272, 3.302061",Air Quality,Dental clinic/ engineering department/canteen/scan/store,,,,1,0,0.01,415,0.024,0,48.7,9,,,,,,,,,,,,,,,
06/10/2025 14:10,MCC Amuwo Odofin,"6.462196, 3.302022",Meterology,Dental clinic/engineering department/store/Scan,,,,,,,,,,,,,,41.4,22.3,24.6,67.7,1010.8,1.3,,,,,,,
06/10/2025 14:13,MCC Amuwo Odofin,"6.461951, 3.301852",Air Quality,Antenatal sitout/car park,,,,4,0,0.04,483,0.047,0,52.4,9,,,,,,,,,,,,,,,
06/10/2025 14:14,MCC Amuwo Odofin,"6.461934, 3.301807",Meterology,Antenatal sitout/car park,,,,,,,,,,,,,,43.6,21.5,23.7,62.4,1010.9,1.7,,,,,,,
06/10/2025 14:16,MCC Amuwo Odofin,"6.461550, 3.301915",Air Quality,Triage/oxygen centre,,,,3,0,0.01,468,0.037,0,57.3,10,,,,,,,,,,,,,,,
06/10/2025 14:18,MCC Amuwo Odofin,"6.461488, 3.301886",Meterology,Triage/oxygen centre,,,,,,,,,,,,,,44.2,21.9,23.2,60.6,1010.9,3.6,,,,,,,
06/10/2025 14:24,MCC Amuwo Odofin,"6.461838, 3.302078",Water insitu,MCC Amuwo,,,,,,,,,,,,,,,,,,,,,,7.05,29.8,2.7,127,0.41
06/10/2025 14:28,MCC Amuwo Odofin,"6.461631, 3.302352",Air Quality,Waste disposal unit,,,,2,0,0.05,436,0.031,0,48.7,8,,,,,,,,,,,,,,,
06/10/2025 14:29,MCC Amuwo Odofin,"6.461728, 3.302247",Meterology,Waste disposal unit,,,,,,,,,,,,,,33.7,22.4,24.1,82,1010.8,2.6,,,,,,,
06/10/2025 14:32,MCC Amuwo Odofin,"6.461856, 3.302316",Air Quality,Conference room,,,,4,0.01,0.04,436,0.051,0,69.3,9,,,,,,,,,,,,,,,
06/10/2025 14:33,MCC Amuwo Odofin,"6.461910, 3.302298",Meterology,Conference room,,,,,,,,,,,,,,35,21.6,23.4,83.4,1010.9,3.8,,,,,,,
06/10/2025 16:25,Alimosho General Hospital,"6.560678, 3.252877",Air Quality,Eko unimed/doctors quarters,,,,1,0,0.01,436,0.028,0,49.3,7,,,,,,,,,,,,,,,
06/10/2025 16:28,Alimosho General Hospital,"6.560765, 3.252788",Meterology,Eko unimed/doctors quarters,,,,,,,,,,,,,,34.9,21.2,23.6,81.2,1010.7,1.2,,,,,,,
06/10/2025 16:29,Alimosho General Hospital,"6.560868, 3.251640",Air Quality,Engineering/social welfare,,,,1,0,0.01,411,0.021,0,57.3,7,,,,,,,,,,,,,,,
06/10/2025 16:33,Alimosho General Hospital,"6.560787, 3.251538",Meterology,Engineering/social welfare,,,,,,,,,,,,,,33.5,21.4,23.6,82,1010.8,0.7,,,,,,,
06/10/2025 16:35,Alimosho General Hospital,"6.560467, 3.251494",Water insitu,Alimosho general hospital,,,,,,,,,,,,,,,,,,,,,,6.83,28.9,2.7,126,0.08
06/10/2025 16:45,Alimosho General Hospital,"6.560760, 3.250931",Air Quality,Physiotherapy/canteen,,,,2,0,0.04,504,0.129,0,49.6,5,,,,,,,,,,,,,,,
06/10/2025 16:47,Alimosho General Hospital,"6.560765, 3.250936",Meterology,Physiotherapy/canteen,,,,,,,,,,,,,,35.9,21.8,23.7,77.8,1010.8,3.1,,,,,,,
06/10/2025 16:49,Alimosho General Hospital,"6.560816, 3.250998",Air Quality,Laboratory,,,,1,0,0.01,450,0.66,0,52.1,4,,,,,,,,,,,,,,,
06/10/2025 16:53,Alimosho General Hospital,"6.561490, 3.250763",Meterology,Laboratory,,,,,,,,,,,,,,34,22.2,23.7,84.5,1010.9,1.7,,,,,,,
06/10/2025 16:55,Alimosho General Hospital,"6.561689, 3.251920",Air Quality,Administrative block/car park,,,,2,0,0.02,457,0.071,0,53.4,5,,,,,,,,,,,,,,,
06/10/2025 16:56,Alimosho General Hospital,"6.561808, 3.251993",Meterology,Administrative block/Car park,,,,,,,,,,,,,,34.6,21.8,23.5,82.3,1010.8,0.8,,,,,,,
06/10/2025 16:58,Alimosho General Hospital,"6.561730, 3.252281",Air Quality,Intensive care unit/oxygen plant,,,,1,0,0.01,428,0.032,0,47.6,5,,,,,,,,,,,,,,,
06/10/2025 16:59,Alimosho General Hospital,"6.561703, 3.252135",Meterology,Intensive care/oxygen,,,,,,,,,,,,,,35.5,22.3,24.6,78.6,1010.8,0.6,,,,,,,
06/10/2025 17:01,Alimosho General Hospital,"6.562295, 3.251575",Air Quality,MCC,,,,2,0,0.02,443,0.051,0,50.7,4,,,,,,,,,,,,,,,
06/10/2025 17:03,Alimosho General Hospital,"6.562272, 3.251920",Meterology,MCC,,,,,,,,,,,,,,35.2,22,23.7,81.6,1010.8,1.4,,,,,,,
06/10/2025 17:04,Alimosho General Hospital,"6.562411, 3.251357",Air Quality,MCC 2/emergency,,,,1,0,0.01,409,0.017,0,48.3,4,,,,,,,,,,,,,,,
06/10/2025 17:06,Alimosho General Hospital,"6.562498, 3.251397",Meterology,MCC2/emergency,,,,,,,,,,,,,,34.6,29.8,23.4,82.9,1010.9,1.2,,,,,,,
06/11/2025 09:31,Ijede General Hospital,"6.564384, 3.596563",Air Quality,"Waiting A, B and car park",,,,1,0,0.02,411,0.02,0,47.9,2,,,,,,,,,,,,,,,
06/11/2025 09:33,Ijede General Hospital,"6.564454, 3.596594",Meterology,"Waiting A, B and car park",,,,,,,,,,,,,,26.3,24.2,26.7,99.9,1010.11,0.7,,,,,,,
06/11/2025 10:29,Ijede General Hospital,"6.564599, 3.596321",Air Quality,Engineering/Anti Natal,,,,1,0,0.03,423,0.021,0,51.7,3,,,,,,,,,,,,,,,
06/11/2025 10:31,Ijede General Hospital,"6.564763, 3.596283",Meterology,Engineering/Anti Natal,,,,,,,,,,,,,,25.4,24.1,26.5,99.9,1010.7,2.7,,,,,,,
06/11/2025 10:35,Ijede General Hospital,"6.564913, 3.596802",Air Quality,Oxygen/consulting Room area,,,,2,0,0.04,404,0.012,0,48.2,3,,,,,,,,,,,,,,,
06/11/2025 10:36,Ijede General Hospital,"6.564908, 3.596795",Meterology,Oxygen/consulting Room area,,,,,,,,,,,,,,25.8,24.6,26.3,99.9,1010.7,1.9,,,,,,,
06/11/2025 10:50,Ijede General Hospital,"6.564757, 3.596429",Air Quality,X-ray,,,,1,0,0.03,417,0.015,0,49.7,2,,,,,,,,,,,,,,,
06/11/2025 10:55,Ijede General Hospital,"6.564772, 3.596377",Meterology,X-ray department Area,,,,,,,,,,,,,,25.2,24.5,26.1,99.9,1010.8,1.2,,,,,,,
06/11/2025 10:56,Ijede General Hospital,"6.564782, 3.596384",Water insitu,Ijede General hospital,,,,,,,,,,,,,,,,,,,,,,6.92,28.2,2.2,114,2.07
06/11/2025 11:01,Ijede General Hospital,"6.564395, 3.596794",Air Quality,Entrance gate/security post,,,,1,0,0.02,427,0.02,0,52.6,2,,,,,,,,,,,,,,,
06/11/2025 11:02,Ijede General Hospital,"6.564463, 3.596788",Meterology,Entrance gate/security post,,,,,,,,,,,,,,25.8,24.1,25.8,99.9,1010.7,0.5,,,,,,,
06/11/2025 13:58,Orile Agege General Hospital,"6.635491, 3.303848",Air Quality,Engineering department,,,,4,0.01,0.04,437,0.043,0,64.7,7,,,,,,,,,,,,,,,
06/11/2025 14:00,Orile Agege General Hospital,"6.635468, 3.303885",Meterology,Engineering department,,,,,,,,,,,,,,32.1,23.8,25.6,81.7,1010.11,0.9,,,,,,,
06/11/2025 14:03,Orile Agege General Hospital,"6.635468, 3.303882",Water insitu,Orile-Agege General hospital,,,,,,,,,,,,,,,,,,,,,,7.22,32.8,3.2,78.3,0.1
06/11/2025 14:09,Orile Agege General Hospital,"6.635233, 3.303778",Air Quality,Heart to heart/Child welfare clinic,,,,2,0.01,0.05,417,0.018,0,56.3,7,,,,,,,,,,,,,,,
06/11/2025 14:12,Orile Agege General Hospital,"6.635248, 3.303749",Meterology,Hart to Hart/Child welfare,,,,,,,,,,,,,,32.7,23.4,25.1,81.6,1010.11,1.3,,,,,,,
06/11/2025 14:19,Orile Agege General Hospital,"6.635300, 3.303455",Air Quality,Theatre,,,,2,0.01,0.04,438,0.061,0,51.3,8,,,,,,,,,,,,,,,
06/11/2025 14:21,Orile Agege General Hospital,"6.635263, 3.303449",Meterology,Theatre,,,,,,,,,,,,,,36.5,23.2,25.6,68.7,1010.11,0.5,,,,,,,
06/11/2025 14:22,Orile Agege General Hospital,"6.634865, 3.303416",Air Quality,Pediatric/HMIS office,,,,3,0.01,0.05,526,0.18,0,56.9,8,,,,,,,,,,,,,,,
06/11/2025 14:25,Orile Agege General Hospital,"6.634836, 3.303341",Meterology,Pediatric/HIMAS office,,,,,,,,,,,,,,35.7,22.7,24.2,68.7,1010.1,0.6,,,,,,,
06/11/2025 14:26,Orile Agege General Hospital,"6.634813, 3.303518",Air Quality,Accident and emergency/entrance gate,,,,4,0.01,0.06,499,0.114,0,63.8,8,,,,,,,,,,,,,,,
06/11/2025 14:28,Orile Agege General Hospital,"6.634607, 3.303627",Meterology,Accident and emergency/entrance gate,,,,,,,,,,,,,,38.7,22.3,24.4,66.4,1010.11,1.3,,,,,,,
06/11/2025 18:15,Badagry General Hospital,"6.413856, 2.897492",Air Quality,Female medical ward,,,,2,0,0.05,398,0.018,0,48.9,2,,,,,,,,,,,,,,,
06/11/2025 18:18,Badagry General Hospital,"6.415149, 2.897328",Meterology,Female ward,,,,,,,,,,,,,,29,22.7,24,98.9,1010.6,1.7,,,,,,,
06/11/2025 18:38,Badagry General Hospital,"6.415103, 2.897412",Air Quality,Engineering,,,,1,0,0.03,402,0.012,0,51.7,2,,,,,,,,,,,,,,,
06/11/2025 18:40,Badagry General Hospital,"6.415104, 2.897409",Meterology,Engineering,,,,,,,,,,,,,,29.3,22.5,23.8,94.7,1010.6,0.7,,,,,,,
06/11/2025 18:41,Badagry General Hospital,"6.414842, 2.897595",Air Quality,Male surgical ward,,,,1,0,0.02,411,0.01,0,46.9,1,,,,,,,,,,,,,,,
06/11/2025 18:43,Badagry General Hospital,"6.414718, 2.897575",Meterology,Male surgical ward,,,,,,,,,,,,,,28.7,21.7,23.3,97.5,1010.7,0.5,,,,,,,
06/11/2025 18:45,Badagry General Hospital,"6.414267, 2.897563",Water insitu,Badagry General hospital,,,,,,,,,,,,,,,,,,,,,,6.58,29.5,3.6,56,0.63
06/11/2025 18:46,Badagry General Hospital,"6.414133, 2.897544",Air Quality,Female Medical ward,,,,2,0,0.04,402,0.014,0,49.8,2,,,,,,,,,,,,,,,
06/11/2025 18:48,Badagry General Hospital,"6.413794, 2.897578",Meterology,Female Medical ward,,,,,,,,,,,,,,28.9,22.1,24.5,97.5,1010.7,0.8,,,,,,,
06/11/2025 18:50,Badagry General Hospital,"6.413784, 2.897124",Air Quality,MCC,,,,2,0.01,0.05,423,0.028,0,53.6,2,,,,,,,,,,,,,,,
06/11/2025 18:52,Badagry General Hospital,"6.413802, 2.897086",Meterology,MCC,,,,,,,,,,,,,,29.6,22.3,24.6,94.6,1010.7,1.3,,,,,,,
